Date,Ticker,InSP500,InNASDAQ100,Price,VolumeM,PriceChange1D,VolumeChange1D,PriceVsMA21_1D,VolumeVsMA21_1D,Max5DPriceChange,Max5DVolumeChange,Max5DPriceChangeDay,Max5DVolumeChangeDay,Max5DPriceChangeAtMaxVolume,Max5DVolumeChangeAtMaxPrice,Max7DPriceChange,Max7DVolumeChange,Max7DPriceChangeDay,Max7DVolumeChangeDay,Max7DPriceChangeAtMaxVolume,Max7DVolumeChangeAtMaxPrice,Max10DPriceChange,Max10DVolumeChange,Max10DPriceChangeDay,Max10DVolumeChangeDay,Max10DPriceChangeAtMaxVolume,Max10DVolumeChangeAtMaxPrice,Max15DPriceChange,Max15DVolumeChange,Max15DPriceChangeDay,Max15DVolumeChangeDay,Max15DPriceChangeAtMaxVolume,Max15DVolumeChangeAtMaxPrice,Max20DPriceChange,Max20DVolumeChange,Max20DPriceChangeDay,Max20DVolumeChangeDay,Max20DPriceChangeAtMaxVolume,Max20DVolumeChangeAtMaxPrice,PE,MarketCap,EPS,Sector,Volatility30D,SectorAvgPE,PE_vs_Sector
2026-05-07,INSM,False,True,105.0,13.69,-23.41,494.74,0.746,6.075,5.07,494.74,3,0,-23.41,20.44,5.07,494.74,3,0,-23.41,20.44,5.07,494.74,3,0,-23.41,20.44,5.07,494.74,3,0,-23.41,20.44,5.07,494.74,3,0,-23.41,20.44,,22.76,-5.76,Healthcare,0.894,29.02,
2026-05-07,ZTS,True,False,87.31,27.79,-21.5,426.84,0.754,5.899,-0.12,426.84,2,0,-21.5,4.5,1.0,426.84,5,0,-21.5,26.54,1.0,426.84,5,0,-21.5,26.54,1.0,426.84,5,0,-21.5,26.54,2.81,426.84,14,0,-21.5,106.42,14.503322,36.86,6.02,Healthcare,0.863,29.02,0.5
2026-05-07,DDOG,True,True,188.73,25.93,31.33,215.29,1.441,4.145,31.33,215.29,0,0,31.33,215.29,31.33,215.29,0,0,31.33,215.29,31.33,215.29,0,0,31.33,215.29,31.33,215.29,0,0,31.33,215.29,31.33,215.29,0,0,31.33,215.29,471.82498,67.18,0.4,Technology,1.295,57.72,8.17
2026-05-07,TTD,True,False,23.49,40.24,-2.17,160.32,1.022,2.314,2.12,160.32,2,0,-2.17,58.49,2.76,160.32,4,0,-2.17,15.85,4.91,160.32,6,0,-2.17,87.53,7.03,160.32,13,0,-2.17,7.27,7.03,160.32,13,0,-2.17,7.27,26.693182,11.18,0.88,Communication Services,1.096,44.1,0.61
2026-05-07,CRWD,True,True,505.72,5.09,8.04,131.41,1.148,1.585,8.04,131.41,0,0,8.04,131.41,8.04,131.41,0,0,8.04,131.41,8.04,131.41,0,0,8.04,131.41,8.04,131.41,0,0,8.04,131.41,8.04,131.41,0,0,8.04,131.41,,128.72,-0.66,Technology,1.06,57.72,
2026-05-07,FTNT,True,True,107.97,18.09,20.03,124.65,1.27,2.896,20.03,124.65,0,0,20.03,124.65,20.03,124.65,0,0,20.03,124.65,20.03,124.65,0,0,20.03,124.65,20.03,124.65,0,0,20.03,124.65,20.03,124.65,0,0,20.03,124.65,44.6157,79.05,2.42,Technology,0.919,57.72,0.77
2026-05-07,SNA,True,False,370.67,0.66,-4.05,122.98,0.976,1.531,1.99,122.98,1,0,-4.05,10.42,1.99,122.98,1,0,-4.05,10.42,1.99,122.98,1,0,-4.05,10.42,2.19,122.98,10,0,-4.05,26.33,3.66,122.98,14,0,-4.05,18.17,19.116556,19.2,19.39,Industrials,0.744,35.29,0.54
2026-05-07,HBAN,True,False,16.19,31.72,-2.7,111.1,0.975,1.542,1.55,111.1,2,0,-2.7,-14.27,2.76,111.1,5,0,-2.7,6.89,2.76,111.1,5,0,-2.7,6.89,2.76,125.47,5,10,0.06,6.89,2.76,125.47,5,10,0.06,6.89,12.453847,32.82,1.3,Financial Services,0.98,20.15,0.62
2026-05-07,ALB,True,False,198.35,4.28,2.98,92.53,1.033,1.97,2.98,92.53,0,0,2.98,92.53,3.05,92.53,5,0,2.98,52.39,5.95,92.53,8,0,2.98,18.02,5.95,92.53,8,0,2.98,18.02,16.31,336.81,15,15,16.31,336.81,,23.39,-3.41,Basic Materials,1.365,32.37,
2026-05-07,TPR,True,False,130.52,6.44,-12.3,89.67,0.889,3.315,5.26,89.67,1,0,-12.3,59.19,5.26,89.67,1,0,-12.3,59.19,5.26,89.67,1,0,-12.3,59.19,5.26,89.67,1,0,-12.3,59.19,5.26,89.67,1,0,-12.3,59.19,39.792686,26.71,3.28,Consumer Cyclical,1.469,43.03,0.92
2026-05-07,EPAM,True,False,104.24,3.58,-2.55,89.17,0.869,2.279,-0.87,89.17,2,0,-2.55,-7.98,0.77,89.17,5,0,-2.55,-19.03,0.77,89.17,5,0,-2.55,-19.03,0.77,101.46,5,10,-6.47,-19.03,3.57,101.46,14,10,-6.47,8.33,14.977011,5.5,6.96,Technology,1.453,57.72,0.26
2026-05-07,XYZ,True,False,70.14,9.85,-0.97,88.26,1.009,1.924,0.13,88.26,3,0,-0.97,25.83,1.84,88.26,4,0,-0.97,-7.25,1.84,88.26,4,0,-0.97,-7.25,3.69,88.26,13,0,-0.97,-14.67,3.77,92.86,14,14,3.77,92.86,33.4,41.78,2.1,Technology,2.57,57.72,0.58
2026-05-07,PANW,True,True,196.53,10.52,7.0,88.02,1.122,1.486,7.0,88.02,0,0,7.0,88.02,7.0,88.02,0,0,7.0,88.02,7.0,88.02,0,0,7.0,88.02,7.0,88.02,0,0,7.0,88.02,7.0,88.02,0,0,7.0,88.02,109.183334,159.39,1.8,Technology,0.77,57.72,1.89
2026-05-07,MELI,False,True,1870.01,0.79,1.57,86.31,1.023,2.069,1.57,86.31,0,0,1.57,86.31,3.2,86.31,4,0,1.57,18.01,3.2,86.31,4,0,1.57,18.01,3.2,86.31,4,0,1.57,18.01,3.27,86.31,18,0,1.57,27.01,47.46218,94.8,39.4,Consumer Cyclical,1.406,43.03,1.1
2026-05-07,RF,True,False,27.95,11.43,-0.92,82.05,0.996,1.243,1.37,82.05,2,0,-0.92,10.67,1.93,82.05,5,0,-0.92,-3.09,1.93,82.05,5,0,-0.92,-3.09,1.93,82.05,5,0,-0.92,-3.09,1.93,82.05,5,0,-0.92,-3.09,11.59751,23.88,2.41,Financial Services,1.033,20.15,0.58
2026-05-07,REG,True,False,77.86,2.22,-1.54,75.57,0.981,1.47,0.24,75.57,1,0,-1.54,0.39,1.03,106.29,4,5,-1.93,-42.35,1.03,106.29,4,5,-1.93,-42.35,2.2,106.29,10,5,-1.93,-5.0,2.2,106.29,10,5,-1.93,-5.0,26.756014,14.55,2.91,Real Estate,0.845,58.35,0.46
2026-05-07,HAS,True,False,97.39,2.55,-0.09,74.85,1.032,1.447,2.87,74.85,1,0,-0.09,61.44,2.87,74.85,1,0,-0.09,61.44,2.87,74.85,1,0,-0.09,61.44,6.59,255.42,10,12,-4.52,44.13,6.59,255.42,10,12,-4.52,44.13,,13.78,-2.3,Consumer Cyclical,0.517,43.03,
2026-05-07,MRNA,True,False,48.54,7.62,-0.51,73.51,0.961,1.268,4.45,73.51,1,0,-0.51,-9.18,4.45,73.51,1,0,-0.51,-9.18,4.45,73.51,1,0,-0.51,-9.18,4.45,73.51,1,0,-0.51,-9.18,4.45,166.77,1,14,-1.76,-9.18,,19.26,-8.14,Healthcare,1.056,29.02,
2026-05-07,RL,True,False,353.55,0.74,-5.0,71.23,0.953,1.482,3.37,71.23,1,0,-5.0,20.28,3.37,71.23,1,0,-5.0,20.28,3.37,71.23,1,0,-5.0,20.28,3.37,71.23,1,0,-5.0,20.28,4.65,75.21,14,18,-0.76,36.11,24.03467,21.44,14.71,Consumer Cyclical,1.387,43.03,0.56
2026-05-07,BR,True,False,152.89,1.46,0.04,70.9,0.973,1.208,0.45,70.9,1,0,0.04,-5.05,0.82,168.69,4,5,-4.21,-55.74,1.58,168.69,7,5,-4.21,-15.03,1.58,168.69,7,5,-4.21,-15.03,4.13,168.69,18,5,-4.21,-3.59,16.334402,17.68,9.36,Technology,0.901,57.72,0.28
2026-05-07,QCOM,True,True,202.55,50.78,5.18,68.45,1.338,2.353,10.79,68.45,2,0,5.18,48.26,15.12,68.45,5,0,5.18,62.71,15.12,68.45,5,0,5.18,62.71,15.12,189.72,5,9,11.12,62.71,15.12,189.72,5,9,11.12,62.71,21.77957,213.49,9.3,Technology,1.493,57.72,0.38
2026-05-07,O,True,False,61.79,8.51,-3.47,67.48,0.973,1.678,0.69,67.48,1,0,-3.47,40.69,1.94,67.48,5,0,-3.47,61.15,1.94,67.48,5,0,-3.47,61.15,1.94,67.48,5,0,-3.47,61.15,1.94,67.48,5,0,-3.47,61.15,50.64754,57.62,1.22,Real Estate,0.757,58.35,0.87
2026-05-07,SCHW,True,False,89.5,11.29,-2.88,64.07,0.965,1.004,1.01,64.07,2,0,-2.88,-17.44,1.01,64.07,2,0,-2.88,-17.44,2.55,64.07,8,0,-2.88,-28.03,2.55,65.76,8,10,-3.04,-28.03,2.55,153.65,8,15,-7.63,-28.03,17.79324,156.82,5.03,Financial Services,0.797,20.15,0.88
2026-05-07,EXPE,True,False,252.79,2.92,2.49,62.63,1.007,1.904,2.49,74.62,0,1,-0.8,62.63,2.49,74.62,0,1,-0.8,62.63,3.47,74.62,6,1,-0.8,19.47,3.47,74.62,6,1,-0.8,19.47,5.31,76.86,18,14,4.48,51.7,25.768602,30.34,9.81,Consumer Cyclical,1.3,43.03,0.6
2026-05-07,SJM,True,False,99.44,2.42,2.7,61.99,1.043,1.307,2.7,61.99,0,0,2.7,61.99,2.7,61.99,0,0,2.7,61.99,2.85,125.77,7,7,2.85,125.77,2.85,125.77,7,7,2.85,125.77,2.99,125.77,17,7,2.85,-4.94,,10.61,-11.79,Consumer Defensive,0.245,25.39,
2026-05-07,PWR,True,False,750.73,1.96,-4.39,61.7,1.155,1.77,2.04,61.7,3,0,-4.39,-0.92,15.78,82.64,5,5,15.78,82.64,15.78,82.64,5,5,15.78,82.64,15.78,82.64,5,5,15.78,82.64,15.78,82.64,5,5,15.78,82.64,103.122246,112.65,7.28,Industrials,1.244,35.29,2.92
2026-05-07,ALL,True,False,213.67,2.84,-1.95,61.21,0.991,1.979,1.51,61.21,3,0,-1.95,18.27,2.32,62.63,5,5,2.32,62.63,2.32,62.63,5,5,2.32,62.63,2.32,62.63,5,5,2.32,62.63,2.32,62.63,5,5,2.32,62.63,4.7282586,55.0,45.19,Financial Services,0.207,20.15,0.23
2026-05-07,ATO,True,False,181.86,1.46,-1.57,61.16,0.974,1.818,-0.28,61.16,2,0,-1.57,15.08,2.3,68.26,5,5,2.3,68.26,2.3,68.26,5,5,2.3,68.26,2.92,68.26,10,5,2.3,-13.06,2.92,89.49,10,15,0.92,-13.06,22.42417,30.36,8.11,Utilities,0.648,27.12,0.83
2026-05-07,WST,True,False,322.01,1.26,3.03,59.33,1.122,1.282,3.26,89.94,2,2,3.26,89.94,3.26,89.94,2,2,3.26,89.94,3.26,89.94,2,2,3.26,89.94,12.86,170.69,10,10,12.86,170.69,12.86,170.69,10,10,12.86,170.69,43.107098,22.75,7.47,Healthcare,1.17,29.02,1.49
2026-05-07,APP,True,True,498.87,12.48,6.41,57.1,1.096,2.806,6.41,143.68,0,1,-1.94,57.1,6.41,143.68,0,1,-1.94,57.1,6.41,143.68,0,1,-1.94,57.1,6.41,143.68,0,1,-1.94,57.1,7.18,143.68,16,1,-1.94,53.41,43.304684,167.59,11.52,Communication Services,2.366,44.1,0.98
2026-05-07,VICI,True,False,28.79,9.16,0.49,55.64,1.011,1.175,1.34,55.64,1,0,0.49,-22.07,2.1,55.64,5,0,0.49,37.9,2.1,81.62,5,6,-0.17,37.9,2.1,81.62,5,6,-0.17,37.9,2.15,81.62,14,6,-0.17,11.76,9.859589,31.0,2.92,Real Estate,0.696,58.35,0.17
2026-05-07,ADP,True,True,214.09,3.43,3.33,53.37,1.056,1.121,3.33,53.37,0,0,3.33,53.37,3.33,53.37,0,0,3.33,53.37,7.98,53.37,6,0,3.33,21.88,7.98,106.44,6,10,-1.57,21.88,7.98,106.44,6,10,-1.57,21.88,19.989729,85.58,10.71,Technology,0.841,57.72,0.35
2026-05-07,TGT,True,False,125.88,6.77,-3.31,53.01,0.991,1.442,1.06,53.01,1,0,-3.31,5.14,1.47,53.01,5,0,-3.31,44.59,1.47,86.12,5,8,0.36,44.59,1.83,86.12,13,8,0.36,-0.44,3.17,86.12,14,8,0.36,36.15,15.502463,57.17,8.12,Consumer Defensive,1.011,25.39,0.61
2026-05-07,DLR,True,False,194.78,2.48,-2.45,52.72,0.987,1.168,1.52,52.72,1,0,-2.45,-16.36,3.28,66.99,5,5,3.28,66.99,3.28,66.99,5,5,3.28,66.99,3.28,68.69,5,9,0.0,66.99,3.28,68.69,5,9,0.0,66.99,51.529102,69.67,3.78,Real Estate,1.08,58.35,0.88
2026-05-07,AES,True,False,14.29,21.78,-0.35,52.63,1.0,2.031,0.63,73.04,2,1,-0.21,37.88,0.63,126.24,2,4,0.04,37.88,0.63,126.24,2,4,0.04,37.88,0.63,126.24,2,4,0.04,37.88,0.63,126.24,2,4,0.04,37.88,7.4427085,10.19,1.92,Utilities,0.957,27.12,0.27
2026-05-07,AKAM,True,False,116.69,9.08,-4.34,51.91,1.16,1.73,11.5,175.13,2,2,11.5,175.13,11.5,175.13,2,2,11.5,175.13,11.5,175.13,2,2,11.5,175.13,11.5,175.13,2,2,11.5,175.13,11.5,175.13,2,2,11.5,175.13,38.009773,17.18,3.07,Technology,0.454,57.72,0.66
2026-05-07,GEN,True,False,20.19,14.22,3.22,50.75,1.042,2.134,3.22,65.56,0,1,-0.76,50.75,3.22,65.56,0,1,-0.76,50.75,3.22,65.56,0,1,-0.76,50.75,3.22,65.56,0,1,-0.76,50.75,5.7,65.56,18,1,-0.76,19.63,20.814432,12.23,0.97,Technology,1.094,57.72,0.36
2026-05-07,BDX,True,False,153.26,5.13,5.87,50.02,1.006,1.668,5.87,50.02,0,0,5.87,50.02,5.87,50.02,0,0,5.87,50.02,5.87,50.02,0,0,5.87,50.02,5.87,50.02,0,0,5.87,50.02,5.87,53.06,0,15,-0.45,50.02,26.746944,43.6,5.73,Healthcare,0.285,29.02,0.92
2026-05-07,VTRS,True,False,17.39,33.37,9.03,48.26,1.18,2.829,9.03,57.48,0,3,1.06,48.26,9.03,57.48,0,3,1.06,48.26,9.03,57.48,0,3,1.06,48.26,9.03,57.48,0,3,1.06,48.26,9.03,57.48,0,3,1.06,48.26,,20.25,-0.3,Healthcare,0.872,29.02,
2026-05-07,ZS,False,True,152.79,3.34,10.06,47.3,1.137,1.131,10.06,47.3,0,0,10.06,47.3,10.06,77.49,0,5,-3.01,47.3,10.06,77.49,0,5,-3.01,47.3,10.06,77.49,0,5,-3.01,47.3,10.06,77.49,0,5,-3.01,47.3,,24.57,-0.43,Technology,0.962,57.72,
2026-05-07,ABNB,True,True,140.46,6.4,0.41,46.15,1.012,1.857,0.63,46.15,2,0,0.41,-1.34,0.93,46.15,4,0,0.41,-11.53,0.93,87.67,4,7,-1.43,-11.53,1.44,87.67,13,7,-1.43,-31.75,2.73,87.67,16,7,-1.43,14.43,34.68148,83.51,4.05,Consumer Cyclical,1.208,43.03,0.81
2026-05-07,GNRC,True,False,266.75,1.06,-0.25,45.06,1.166,1.255,2.57,45.06,2,0,-0.25,3.09,2.57,45.06,2,0,-0.25,3.09,16.49,91.57,6,6,16.49,91.57,16.49,91.57,6,6,16.49,91.57,16.49,91.57,6,6,16.49,91.57,83.359375,15.7,3.2,Industrials,1.937,35.29,2.36
2026-05-07,CIEN,True,False,538.76,3.17,-6.59,41.28,1.06,1.358,5.88,41.28,1,0,-6.59,37.52,10.98,45.62,5,5,10.98,45.62,10.98,84.25,5,7,-6.45,45.62,10.98,84.25,5,7,-6.45,45.62,10.98,84.25,5,7,-6.45,45.62,345.35898,76.18,1.56,Technology,1.245,57.72,5.98
2026-05-07,C,True,False,129.09,18.76,1.17,40.38,1.008,1.603,1.89,41.55,2,3,-0.95,-9.72,1.89,41.55,2,3,-0.95,-9.72,1.89,55.71,2,7,-0.47,-9.72,1.89,55.71,2,7,-0.47,-9.72,2.61,71.46,17,14,2.2,18.16,15.956736,225.82,8.09,Financial Services,1.124,20.15,0.79
2026-05-07,GWW,True,False,1234.1,0.57,5.49,38.27,1.064,2.134,5.49,77.05,0,1,3.09,38.27,5.49,80.68,0,5,1.44,38.27,5.49,80.68,0,5,1.44,38.27,5.49,80.68,0,5,1.44,38.27,5.49,135.61,0,18,-0.89,38.27,34.8419,58.41,35.42,Industrials,1.042,35.29,0.99
2026-05-07,PCG,True,False,16.19,24.18,-0.06,37.74,0.955,1.085,0.74,61.57,2,1,-0.8,-27.6,1.53,61.57,5,1,-0.8,34.07,1.53,61.57,5,1,-0.8,34.07,1.53,61.57,5,1,-0.8,34.07,1.53,236.85,5,18,-4.32,34.07,12.550388,35.65,1.29,Utilities,0.289,27.12,0.46
2026-05-07,MNST,True,True,75.97,5.9,-1.59,37.27,0.995,1.33,1.85,98.54,1,3,-2.49,12.42,1.85,98.54,1,3,-2.49,12.42,1.85,98.54,1,3,-2.49,12.42,2.12,98.54,10,3,-2.49,-5.11,2.12,98.54,10,3,-2.49,-5.11,36.700485,74.29,2.07,Consumer Defensive,0.501,25.39,1.45
2026-05-07,WY,True,False,23.7,5.89,-1.41,36.78,0.965,1.205,1.43,36.78,1,0,-1.41,-13.87,1.43,47.37,1,5,1.11,-13.87,1.43,47.37,1,5,1.11,-13.87,1.43,58.58,1,10,0.93,-13.87,3.33,61.87,14,16,-2.3,5.51,42.32143,17.09,0.56,Real Estate,0.913,58.35,0.73
2026-05-07,POOL,True,False,190.44,1.55,1.25,36.64,0.88,1.776,1.25,329.68,0,2,-7.97,36.64,1.77,329.68,5,2,-7.97,-8.1,1.77,329.68,5,2,-7.97,-8.1,1.96,329.68,13,2,-7.97,-43.71,3.95,329.68,16,2,-7.97,131.92,17.51978,6.94,10.87,Industrials,1.154,35.29,0.5
2026-05-07,TPL,True,False,399.08,0.65,-4.92,35.94,0.938,1.348,-0.18,37.12,3,1,-2.48,-23.35,1.06,37.12,5,1,-2.48,32.61,1.89,37.12,6,1,-2.48,-9.75,2.9,37.12,13,1,-2.48,-32.41,2.9,50.9,13,14,-0.87,-32.41,57.256813,27.53,6.97,Energy,0.677,31.63,1.81
2026-05-07,CSX,True,True,44.46,13.14,-2.5,34.04,1.009,1.116,1.27,93.42,1,3,-0.82,2.06,1.68,93.42,5,3,-0.82,31.92,1.68,93.42,5,3,-0.82,31.92,6.95,93.42,10,3,-0.82,80.96,6.95,93.42,10,3,-0.82,80.96,27.276073,82.61,1.63,Industrials,1.238,35.29,0.77
2026-05-07,RJF,True,False,153.53,1.35,-3.66,33.05,0.997,0.949,1.31,44.3,2,1,0.31,-16.82,1.76,44.3,5,1,0.31,-14.88,1.76,44.3,5,1,0.31,-14.88,1.76,56.36,5,11,-0.01,-14.88,2.86,56.36,18,11,-0.01,26.55,14.497639,29.92,10.59,Financial Services,0.995,20.15,0.72
2026-05-07,TMO,True,False,474.46,2.46,0.32,32.33,0.963,1.174,1.33,32.33,1,0,0.32,-9.01,2.72,55.8,5,5,2.72,55.8,2.72,55.8,5,5,2.72,55.8,2.72,218.0,5,10,-9.2,55.8,3.65,218.0,18,10,-9.2,39.75,26.112272,176.32,18.17,Healthcare,0.883,29.02,0.9
2026-05-07,NDSN,True,False,284.13,0.34,-0.98,30.1,1.01,1.063,1.5,30.1,1,0,-0.98,10.88,2.89,105.11,5,5,2.89,105.11,2.89,105.11,5,5,2.89,105.11,2.89,123.91,5,12,-0.13,105.11,2.89,123.91,5,12,-0.13,105.11,30.750002,15.85,9.24,Industrials,0.993,35.29,0.87
2026-05-07,IBKR,True,False,83.71,5.1,-3.83,29.38,1.062,1.088,3.73,39.35,1,2,2.68,-17.19,3.73,39.35,1,2,2.68,-17.19,3.73,39.35,1,2,2.68,-17.19,3.73,76.92,1,12,-2.01,-17.19,4.69,76.92,18,12,-2.01,29.44,35.92704,142.32,2.33,Financial Services,1.322,20.15,1.78
2026-05-07,ZBRA,True,False,228.62,0.76,-0.5,28.55,1.006,0.986,2.08,28.55,2,0,-0.5,13.93,4.97,28.55,5,0,-0.5,13.98,4.97,28.55,5,0,-0.5,13.98,4.97,28.55,5,0,-0.5,13.98,4.97,45.35,5,18,1.78,13.98,27.948654,11.25,8.18,Technology,1.624,57.72,0.48
2026-05-07,CINF,True,False,162.05,0.76,1.01,28.33,0.99,1.013,1.01,29.08,0,1,0.05,28.33,1.01,74.49,0,5,0.23,28.33,1.01,74.49,0,5,0.23,28.33,1.15,74.49,10,5,0.23,-7.59,2.12,402.27,14,14,2.12,402.27,9.265295,25.07,17.49,Financial Services,0.598,20.15,0.46
2026-05-07,WDAY,True,True,130.88,5.99,6.73,27.83,1.067,1.141,6.73,27.83,0,0,6.73,27.83,6.73,72.22,0,5,-0.02,27.83,6.73,72.22,0,5,-0.02,27.83,6.73,94.39,0,10,-9.42,27.83,6.73,94.39,0,10,-9.42,27.83,50.53282,32.68,2.59,Technology,1.035,57.72,0.88
2026-05-07,COHR,True,False,319.19,12.39,-7.39,27.45,0.983,1.989,2.66,73.54,1,1,2.66,73.54,4.85,73.54,5,1,2.66,-10.44,4.85,73.54,5,1,2.66,-10.44,4.85,73.54,5,1,2.66,-10.44,6.42,73.54,15,1,2.66,37.39,309.89322,62.45,1.03,Technology,2.053,57.72,5.37
2026-05-07,TER,True,False,354.11,4.87,-7.42,26.89,0.96,1.3,7.11,26.89,1,0,-7.42,7.59,12.12,26.89,5,0,-7.42,-40.05,12.12,184.38,5,6,-19.41,-40.05,12.12,184.38,5,6,-19.41,-40.05,12.12,184.38,5,6,-19.41,-40.05,65.697586,55.43,5.39,Technology,1.793,57.72,1.14
2026-05-07,DASH,True,True,171.35,11.44,2.01,26.87,0.994,2.516,2.01,55.6,0,1,1.1,26.87,4.26,55.6,4,1,1.1,-3.42,4.26,95.75,4,8,-1.54,-3.42,4.26,95.75,4,8,-1.54,-3.42,10.02,126.13,16,16,10.02,126.13,81.208534,74.66,2.11,Consumer Cyclical,1.871,43.03,1.89
2026-05-07,ESS,True,False,267.37,0.41,0.04,26.53,1.038,0.911,0.76,28.21,2,1,0.21,-29.08,0.76,28.21,2,1,0.21,-29.08,4.3,50.49,7,8,0.57,26.04,4.3,50.49,7,8,0.57,26.04,4.3,50.49,7,8,0.57,26.04,30.109234,18.43,8.88,Real Estate,0.727,58.35,0.52
2026-05-07,BSX,True,False,56.57,23.43,1.02,25.43,0.935,1.283,1.02,48.92,0,1,0.04,25.43,1.02,48.92,0,1,0.04,25.43,1.02,48.92,0,1,0.04,25.43,8.99,62.65,11,12,-2.41,50.5,8.99,62.65,11,12,-2.41,50.5,23.669455,84.08,2.39,Healthcare,0.623,29.02,0.82
2026-05-07,APA,True,False,36.24,12.33,-5.38,24.05,0.944,1.742,4.71,40.15,3,1,-7.67,14.82,4.71,40.15,3,1,-7.67,14.82,4.71,40.15,3,1,-7.67,14.82,4.71,40.15,3,1,-7.67,14.82,4.71,112.77,3,14,-5.7,14.82,9.082707,12.81,3.99,Energy,0.374,31.63,0.29
2026-05-07,TAP,True,False,43.13,3.43,0.87,23.36,0.997,1.016,3.58,23.36,2,0,0.87,-18.14,3.58,38.53,2,5,0.78,-18.14,3.58,43.04,2,6,-0.35,-18.14,3.58,46.66,2,11,-2.04,-18.14,3.58,69.14,2,17,-2.22,-18.14,,8.09,-10.55,Consumer Defensive,0.438,25.39,
2026-05-07,MKC,True,False,47.9,4.84,-1.22,22.43,0.934,1.21,0.98,36.5,2,1,0.0,-24.79,0.98,67.17,2,5,0.59,-24.79,1.47,87.47,7,8,-2.19,-19.78,1.47,87.47,7,8,-2.19,-19.78,1.99,87.47,14,8,-2.19,-6.78,7.8524594,12.88,6.1,Consumer Defensive,0.67,25.39,0.31
2026-05-07,MCD,True,False,283.7,5.85,-0.14,21.6,0.953,1.671,0.38,21.6,2,0,-0.14,6.84,1.21,21.6,5,0,-0.14,18.46,1.21,29.55,5,8,-3.06,18.46,1.21,29.55,5,8,-3.06,18.46,1.43,38.17,14,14,1.43,38.17,23.369028,201.66,12.14,Consumer Cyclical,0.436,43.03,0.54
2026-05-07,T,True,False,25.26,41.74,-1.21,21.56,0.972,1.146,-0.08,40.26,3,1,-1.27,-25.57,1.48,95.87,5,5,1.48,95.87,2.12,95.87,7,5,1.48,-6.91,2.42,95.87,10,5,1.48,-20.72,3.69,95.87,15,5,1.48,3.11,8.309211,175.52,3.04,Communication Services,0.417,44.1,0.19
2026-05-07,NWSA,True,False,27.04,7.19,3.21,21.33,1.045,1.919,3.21,21.33,0,0,3.21,21.33,3.21,24.68,0,5,0.3,21.33,3.21,49.87,0,7,-0.95,21.33,3.21,50.19,0,12,1.73,21.33,3.21,50.19,0,12,1.73,21.33,35.116886,14.8,0.77,Communication Services,0.902,44.1,0.8
2026-05-07,CSGP,True,True,34.98,6.61,2.67,20.98,0.949,1.011,2.67,20.98,0,0,2.67,20.98,2.67,20.98,0,0,2.67,20.98,2.67,109.22,0,6,-5.06,20.98,2.67,109.22,0,6,-5.06,20.98,4.55,123.23,16,18,1.59,-11.73,499.71426,14.28,0.07,Real Estate,0.746,58.35,8.56
2026-05-07,FSLR,True,False,214.57,3.02,-1.57,20.06,1.073,1.244,3.78,20.06,2,0,-1.57,8.11,5.92,94.99,5,5,5.92,94.99,5.92,94.99,5,5,5.92,94.99,5.92,94.99,5,5,5.92,94.99,5.92,94.99,5,5,5.92,94.99,13.870071,23.06,15.47,Technology,1.564,57.72,0.24
2026-05-07,BKR,True,True,63.53,11.41,-4.71,19.75,0.986,1.328,-0.16,63.48,3,1,-1.64,0.74,1.25,63.48,5,1,-1.64,2.72,1.68,63.48,6,1,-1.64,-8.41,6.9,63.48,9,1,-1.64,27.63,6.9,79.66,9,14,-1.35,27.63,20.297123,63.03,3.13,Energy,0.97,31.63,0.64
2026-05-07,BF-B,True,False,27.38,4.92,1.48,19.57,0.98,0.919,6.49,76.52,2,3,-3.48,-18.81,6.49,76.52,2,3,-3.48,-18.81,6.49,372.69,2,6,-10.31,-18.81,6.49,372.69,2,6,-10.31,-18.81,6.49,372.69,2,6,-10.31,-18.81,15.918604,12.56,1.72,Consumer Defensive,0.346,25.39,0.63
2026-05-07,GDDY,True,False,89.75,2.04,5.34,19.48,1.054,0.925,5.34,19.48,0,0,5.34,19.48,5.34,34.22,0,5,1.2,19.48,5.34,53.69,0,7,1.11,19.48,5.34,53.69,0,7,1.11,19.48,5.34,53.69,0,7,1.11,19.48,14.223455,11.91,6.31,Technology,0.915,57.72,0.25
2026-05-07,HWM,True,False,272.54,5.12,6.28,19.43,1.096,2.201,6.28,141.47,0,1,5.66,19.43,6.28,141.47,0,1,5.66,19.43,6.28,141.47,0,1,5.66,19.43,6.28,141.47,0,1,5.66,19.43,6.28,141.47,0,1,5.66,19.43,63.23434,109.27,4.31,Industrials,1.191,35.29,1.79
2026-05-07,EVRG,True,False,82.73,3.46,2.15,18.99,1.01,1.917,2.15,65.38,0,2,-0.57,18.99,2.15,100.09,0,5,1.86,18.99,2.15,100.09,0,5,1.86,18.99,2.83,100.09,10,5,1.86,16.85,2.83,100.09,10,5,1.86,16.85,22.00266,19.07,3.76,Utilities,0.544,27.12,0.81
2026-05-07,ES,True,False,67.04,2.34,-2.16,18.78,0.973,1.207,-0.55,18.78,1,0,-2.16,-1.58,2.88,149.84,5,5,2.88,149.84,2.88,149.84,5,5,2.88,149.84,2.88,149.84,5,5,2.88,149.84,2.88,149.84,5,5,2.88,149.84,14.35546,25.2,4.67,Utilities,0.749,27.12,0.53
2026-05-07,CAG,True,False,14.36,14.77,2.06,18.66,1.013,1.025,2.06,23.32,0,3,-1.49,18.66,3.39,23.32,5,3,-1.49,13.12,3.39,31.55,5,8,-0.35,13.12,3.39,31.55,5,8,-0.35,13.12,4.33,169.9,15,18,-4.41,-3.72,,6.87,-0.1,Consumer Defensive,-0.027,25.39,
2026-05-07,NOW,True,False,93.59,27.43,5.1,18.66,1.018,0.901,5.1,18.66,0,0,5.1,18.66,5.1,18.8,0,5,-0.65,18.66,5.1,18.8,0,5,-0.65,18.66,6.36,135.49,9,10,-17.75,-53.61,7.3,135.49,18,10,-17.75,-46.05,55.708332,96.52,1.68,Technology,0.819,57.72,0.97
2026-05-07,VLTO,True,False,88.73,1.84,2.13,17.85,0.995,0.96,2.13,30.94,0,3,0.7,17.85,2.13,30.94,0,3,0.7,17.85,4.52,172.59,6,8,-1.66,17.16,4.52,172.59,6,8,-1.66,17.16,4.52,172.59,6,8,-1.66,17.16,22.868557,21.79,3.88,Industrials,0.927,35.29,0.65
2026-05-07,HST,True,False,21.67,13.11,-0.05,17.76,1.035,1.673,2.16,54.68,2,1,1.74,51.89,2.16,54.68,2,1,1.74,51.89,2.16,54.68,2,1,1.74,51.89,2.16,54.68,2,1,1.74,51.89,3.16,98.91,17,17,3.16,98.91,19.699999,15.03,1.1,Real Estate,1.116,58.35,0.34
2026-05-07,BA,True,False,231.03,8.41,0.48,17.34,1.023,1.376,2.47,86.05,1,1,2.47,86.05,2.47,86.05,1,1,2.47,86.05,2.47,86.05,1,1,2.47,86.05,5.53,108.55,11,11,5.53,108.55,5.53,108.55,11,11,5.53,108.55,90.956696,182.12,2.54,Industrials,1.207,35.29,2.58
2026-05-07,FIX,True,False,1942.02,0.51,-3.45,16.84,1.112,1.208,3.98,20.96,2,3,1.34,17.38,6.73,61.97,5,5,6.73,61.97,6.73,61.97,5,5,6.73,61.97,6.73,64.11,5,10,2.87,61.97,6.73,76.78,5,18,2.2,61.97,56.12775,68.36,34.6,Industrials,1.705,35.29,1.59
2026-05-07,CTVA,True,False,79.07,6.21,-3.3,16.15,0.976,1.833,2.71,50.41,2,2,2.71,50.41,2.71,50.41,2,2,2.71,50.41,2.71,50.41,2,2,2.71,50.41,2.71,50.41,2,2,2.71,50.41,2.71,50.41,2,2,2.71,50.41,42.74054,52.88,1.85,Basic Materials,0.593,32.37,1.32
2026-05-07,PSKY,True,False,10.76,11.61,-1.37,16.11,0.973,1.211,2.35,16.11,1,0,-1.37,-22.14,8.3,155.67,4,5,-0.97,-18.55,8.3,155.67,4,5,-0.97,-18.55,8.3,155.67,4,5,-0.97,-18.55,8.3,155.67,4,5,-0.97,-18.55,358.6667,12.04,0.03,Communication Services,1.45,44.1,8.13
2026-05-07,TSLA,True,True,411.79,61.52,3.28,15.07,1.081,0.978,3.28,15.07,0,0,3.28,15.07,3.28,27.92,0,4,2.41,15.07,3.28,27.92,0,4,2.41,15.07,3.28,50.68,0,10,-3.56,15.07,7.62,89.75,16,16,7.62,89.75,384.85046,1546.57,1.07,Consumer Cyclical,1.793,43.03,8.94
2026-05-07,OTIS,True,False,77.47,4.45,0.99,14.94,0.983,1.218,1.44,64.64,1,2,-0.34,-16.63,1.67,64.64,5,2,-0.34,6.16,1.67,64.64,5,2,-0.34,6.16,2.07,80.1,10,11,-1.26,-27.36,2.28,80.1,18,11,-1.26,-6.03,20.603724,29.73,3.76,Industrials,0.943,35.29,0.58
2026-05-07,MCHP,True,True,101.58,15.75,-1.3,14.4,1.191,1.539,4.51,31.69,1,2,3.34,24.99,4.51,31.69,1,2,3.34,24.99,7.01,31.69,6,2,3.34,-2.4,9.89,103.83,10,10,9.89,103.83,9.89,103.83,10,10,9.89,103.83,,54.97,-0.3,Technology,1.737,57.72,
2026-05-07,AXP,True,False,318.69,3.35,-1.0,14.17,0.99,1.071,1.88,14.17,1,0,-1.0,10.35,2.34,46.3,5,5,2.34,46.3,2.34,138.99,5,7,-0.92,46.3,2.34,138.99,5,7,-0.92,46.3,3.29,138.99,18,7,-0.92,29.65,19.880848,217.45,16.03,Financial Services,1.084,20.15,0.99
2026-05-07,WYNN,True,False,106.85,1.27,-0.67,13.61,1.007,1.001,2.71,18.07,2,2,2.71,18.07,2.75,34.92,5,4,-1.05,-19.66,2.75,34.92,5,4,-1.05,-19.66,2.75,75.75,5,10,-0.97,-19.66,2.75,75.75,5,10,-0.97,-19.66,30.616045,11.14,3.49,Consumer Cyclical,1.007,43.03,0.71
2026-05-07,NEE,True,False,93.32,9.35,-2.17,13.44,0.994,1.052,0.81,14.69,2,1,-0.92,5.59,3.94,93.05,5,5,3.94,93.05,3.94,93.05,5,5,3.94,93.05,6.94,93.05,10,5,3.94,84.92,6.94,93.05,10,5,3.94,84.92,23.685278,194.6,3.94,Utilities,0.721,27.12,0.87
2026-05-07,KMB,True,False,99.56,4.37,0.37,12.95,1.019,0.963,2.05,12.95,1,0,0.37,-9.08,2.42,12.95,5,0,0.37,9.7,2.42,107.42,5,8,0.41,9.7,2.42,107.42,5,8,0.41,9.7,2.42,107.42,5,8,0.41,9.7,19.257252,33.05,5.17,Consumer Defensive,0.31,25.39,0.76
2026-05-07,AJG,True,False,201.94,2.53,2.55,12.82,0.94,1.396,2.55,73.82,0,1,-4.32,12.82,2.55,140.16,0,5,-2.55,12.82,2.55,140.16,0,5,-2.55,12.82,2.55,140.16,0,5,-2.55,12.82,4.19,140.16,18,5,-2.55,-55.5,32.676376,51.89,6.18,Financial Services,0.545,20.15,1.62
2026-05-07,GEV,True,False,1045.63,2.57,-6.55,12.76,0.995,0.987,2.17,12.76,1,0,-6.55,9.98,2.17,12.76,1,0,-6.55,9.98,2.17,12.76,1,0,-6.55,9.98,13.75,98.22,11,11,13.75,98.22,13.75,98.22,11,11,13.75,98.22,30.538258,280.98,34.24,Industrials,1.313,35.29,0.87
2026-05-07,KO,True,False,78.43,15.81,-1.01,12.48,1.019,1.124,0.96,20.82,1,1,0.96,20.82,0.96,20.82,1,1,0.96,20.82,3.86,94.22,7,7,3.86,94.22,3.86,94.22,7,7,3.86,94.22,3.86,94.22,7,7,3.86,94.22,24.66352,337.44,3.18,Consumer Defensive,0.356,25.39,0.97
2026-05-07,AXON,True,True,426.89,2.52,10.63,12.37,1.088,2.058,10.63,80.11,0,2,-3.34,12.37,10.63,80.11,0,2,-3.34,12.37,10.63,80.11,0,2,-3.34,12.37,10.63,80.11,0,2,-3.34,12.37,10.63,80.11,0,2,-3.34,12.37,172.13307,34.41,2.48,Industrials,1.435,35.29,4.88
2026-05-07,PLD,True,False,142.29,3.73,-0.43,12.18,1.01,1.024,1.87,58.86,1,1,1.87,58.86,2.31,58.86,5,1,1.87,9.45,2.31,58.86,5,1,1.87,9.45,2.31,58.86,5,1,1.87,9.45,2.31,58.86,5,1,1.87,9.45,35.751255,132.66,3.98,Real Estate,1.35,58.35,0.61
2026-05-07,ROST,True,True,224.48,2.75,-1.94,12.09,0.995,1.419,0.66,46.11,1,1,0.66,46.11,1.2,46.11,5,1,0.66,16.47,1.2,58.22,5,6,-0.2,16.47,1.2,58.22,5,6,-0.2,16.47,2.64,92.19,14,14,2.64,92.19,33.960663,72.61,6.61,Consumer Cyclical,0.875,43.03,0.79
2026-05-07,MSFT,True,True,420.77,33.92,1.65,11.99,1.021,0.96,1.65,17.84,0,1,0.63,11.99,1.65,85.2,0,5,-3.93,11.99,1.65,85.2,0,5,-3.93,11.99,2.13,85.2,9,5,-3.93,-28.32,4.61,85.2,16,5,-3.93,20.15,25.030933,3125.66,16.81,Technology,1.093,57.72,0.43
2026-05-07,CPRT,True,True,33.88,6.56,1.47,11.83,1.016,0.888,1.47,26.92,0,1,0.72,11.83,1.47,38.98,0,5,-0.66,11.83,1.47,38.98,0,5,-0.66,11.83,1.47,38.98,0,5,-0.66,11.83,1.5,152.39,18,14,0.54,43.63,21.308176,32.64,1.59,Industrials,1.02,35.29,0.6
2026-05-07,NEM,True,False,113.49,7.93,-1.4,11.65,0.999,1.059,5.59,50.41,1,1,5.59,50.41,5.59,50.41,1,1,5.59,50.41,5.59,50.41,1,1,5.59,50.41,8.68,50.41,9,1,5.59,37.56,8.68,50.41,9,1,5.59,37.56,14.719844,121.16,7.71,Basic Materials,0.448,32.37,0.45
2026-05-07,CCEP,False,True,93.5,1.82,-1.68,11.6,0.974,1.154,1.67,41.46,1,1,1.67,41.46,1.67,41.46,1,1,1.67,41.46,1.67,58.39,1,7,1.13,41.46,1.67,89.62,1,12,-1.46,41.46,2.09,89.62,14,12,-1.46,25.06,18.737476,41.4,4.99,Consumer Defensive,0.493,25.39,0.74
2026-05-07,CHRW,True,False,171.37,1.63,1.65,11.52,0.971,0.751,3.65,247.02,2,3,-9.06,-61.5,3.65,247.02,2,3,-9.06,-61.5,3.65,247.02,2,3,-9.06,-61.5,3.65,247.02,2,3,-9.06,-61.5,8.05,247.02,15,3,-9.06,202.07,34.69028,20.2,4.94,Industrials,0.943,35.29,0.98
2026-05-07,COIN,True,False,192.96,8.64,-2.53,11.29,1.0,0.878,6.14,66.05,3,3,6.14,66.05,6.14,66.05,3,3,6.14,66.05,6.14,99.64,3,6,-6.37,66.05,6.14,99.64,3,6,-6.37,66.05,6.23,99.64,16,6,-6.37,8.57,43.3618,50.96,4.45,Financial Services,3.381,20.15,2.15
2026-05-07,CASY,True,False,850.95,0.41,-0.84,11.19,1.078,1.055,2.0,11.19,3,0,-0.84,5.27,5.2,56.44,5,5,5.2,56.44,5.2,56.44,5,5,5.2,56.44,5.2,56.44,5,5,5.2,56.44,5.2,56.44,5,5,5.2,56.44,48.793003,31.54,17.44,Consumer Cyclical,0.65,43.03,1.13
2026-05-07,EFX,True,False,175.62,1.42,1.4,11.14,0.976,0.771,1.87,273.92,1,3,-0.93,-21.32,1.87,273.92,1,3,-0.93,-21.32,1.87,273.92,1,3,-0.93,-21.32,1.87,273.92,1,3,-0.93,-21.32,4.78,273.92,18,3,-0.93,-32.38,30.973543,21.19,5.67,Industrials,1.347,35.29,0.88
2026-05-07,EXR,True,False,143.27,1.26,-0.4,10.38,1.011,1.001,2.9,30.3,1,2,0.33,12.18,2.9,30.3,1,2,0.33,12.18,2.9,121.91,1,7,1.06,12.18,2.9,121.91,1,7,1.06,12.18,2.9,121.91,1,7,1.06,12.18,32.123318,31.62,4.46,Real Estate,1.228,58.35,0.55
2026-05-07,NXPI,True,True,290.22,4.95,-4.39,10.36,1.184,1.316,3.83,61.98,1,2,0.55,3.59,3.83,61.98,1,2,0.55,3.59,25.55,126.38,6,6,25.55,126.38,25.55,126.38,6,6,25.55,126.38,25.55,126.38,6,6,25.55,126.38,27.77225,73.27,10.45,Technology,1.776,57.72,0.48
2026-05-07,MSTR,False,True,179.84,15.78,-3.74,10.08,1.105,0.839,3.74,10.08,3,0,-3.74,-15.93,7.08,74.16,4,4,7.08,74.16,7.08,74.16,4,4,7.08,74.16,9.39,74.16,11,4,7.08,43.97,11.8,195.8,14,14,11.8,195.8,,63.01,-36.99,Technology,3.595,57.72,
2026-05-07,ORCL,True,False,194.59,30.43,0.29,9.92,1.134,0.907,4.92,27.31,3,3,4.92,27.31,6.47,27.31,4,3,4.92,25.23,6.47,55.98,4,7,-4.05,25.23,6.47,77.5,4,12,2.02,25.23,12.69,91.04,18,18,12.69,91.04,34.935368,559.65,5.57,Technology,1.544,57.72,0.61
2026-05-07,ALNY,False,True,295.91,1.11,-2.34,9.69,0.95,0.982,1.07,40.39,2,3,0.61,-48.2,2.76,40.39,5,3,0.61,39.66,2.76,57.56,5,6,-0.3,39.66,2.76,57.56,5,6,-0.3,39.66,3.38,57.56,18,6,-0.3,38.51,74.16291,39.51,3.99,Healthcare,0.302,29.02,2.56
2026-05-07,DG,True,False,116.47,3.2,0.09,9.06,0.977,1.138,2.21,54.36,2,3,0.04,-14.27,2.21,54.36,2,3,0.04,-14.27,2.21,54.36,2,3,0.04,-14.27,2.21,54.36,2,3,0.04,-14.27,3.05,54.36,18,3,0.04,22.22,17.00292,25.65,6.85,Consumer Defensive,0.282,25.39,0.67
2026-05-07,JBHT,True,False,242.19,0.88,-1.57,9.02,1.0,0.916,1.97,99.05,2,3,-4.18,-46.85,2.12,99.05,5,3,-4.18,7.61,2.12,99.05,5,3,-4.18,7.61,2.7,99.05,10,3,-4.18,-17.83,6.31,118.28,15,16,-2.37,62.35,37.607143,22.84,6.44,Industrials,1.286,35.29,1.07
2026-05-07,MA,True,False,500.94,4.75,1.84,8.98,0.987,1.32,1.87,8.98,3,0,1.84,-2.47,1.87,8.98,3,0,1.84,-2.47,3.47,53.77,6,7,0.23,50.97,3.47,53.77,6,7,0.23,50.97,3.47,53.77,6,7,0.23,50.97,28.989582,442.62,17.28,Financial Services,0.759,20.15,1.44
2026-05-07,CMCSA,True,True,26.24,32.7,-0.76,8.66,0.935,1.088,-0.08,26.76,1,2,-2.25,-4.1,1.05,31.71,5,5,1.05,31.71,1.05,35.39,5,6,-3.18,31.71,7.73,84.27,10,10,7.73,84.27,7.73,84.27,10,10,7.73,84.27,5.145098,93.74,5.1,Communication Services,0.689,44.1,0.12
2026-05-07,DRI,True,False,195.17,1.06,-0.27,8.6,0.99,0.945,1.25,29.19,2,1,0.62,-22.58,2.18,42.06,5,4,-2.89,2.84,2.18,42.06,5,4,-2.89,2.84,2.18,43.63,5,11,1.41,2.84,3.17,43.63,17,11,1.41,14.77,20.565859,22.35,9.49,Consumer Cyclical,0.594,43.03,0.48
2026-05-07,MET,True,False,78.82,3.54,-1.67,7.98,1.014,1.095,1.2,21.5,2,2,1.2,21.5,1.44,21.5,5,2,1.2,19.73,1.44,21.5,5,2,1.2,19.73,2.16,27.39,9,11,-0.66,9.85,2.16,67.21,9,18,2.0,9.85,15.245647,50.85,5.17,Financial Services,0.775,20.15,0.76
2026-05-07,LULU,True,False,133.59,2.74,1.17,7.56,0.89,0.883,1.41,14.31,1,3,-3.44,-24.48,1.41,36.89,1,4,-2.99,-24.48,2.18,36.89,8,4,-2.99,-15.01,2.18,384.6,8,10,-13.33,-15.01,2.68,384.6,14,10,-13.33,47.97,10.067068,15.67,13.27,Consumer Cyclical,0.899,43.03,0.23
2026-05-07,NOC,True,False,552.27,0.83,-1.31,7.08,0.901,1.011,0.18,30.39,1,2,-1.48,-16.34,1.24,30.39,5,2,-1.48,-5.02,1.24,30.39,5,2,-1.48,-5.02,1.24,107.13,5,12,-6.98,-5.02,1.24,107.13,5,12,-6.98,-5.02,17.31254,78.44,31.9,Industrials,-0.113,35.29,0.49
2026-05-07,STLD,True,False,232.92,1.04,-3.69,6.98,1.076,0.875,3.32,41.55,2,2,3.32,41.55,3.32,41.55,2,2,3.32,41.55,3.32,41.55,2,2,3.32,41.55,5.19,83.31,12,13,4.51,10.78,5.19,83.31,12,13,4.51,10.78,24.9379,33.59,9.34,Basic Materials,1.493,32.37,0.77
2026-05-07,TFC,True,False,49.74,5.34,-2.09,6.82,0.986,0.706,1.7,34.34,1,3,-2.85,-17.5,1.7,34.34,1,3,-2.85,-17.5,1.7,34.34,1,3,-2.85,-17.5,1.7,34.34,1,3,-2.85,-17.5,2.31,41.27,14,15,-0.32,32.39,12.311882,61.97,4.04,Financial Services,0.906,20.15,0.61
2026-05-07,ARES,True,False,123.15,3.26,-0.57,6.58,1.064,0.976,2.48,6.58,2,0,-0.57,1.52,5.9,97.91,5,5,5.9,97.91,5.9,97.91,5,5,5.9,97.91,5.9,97.91,5,5,5.9,97.91,6.19,97.91,18,5,5.9,-10.58,72.01754,40.71,1.71,Financial Services,1.521,20.15,3.57
2026-05-07,EIX,True,False,68.57,2.19,-0.33,6.5,0.974,0.816,-0.1,14.38,1,1,-0.1,14.38,2.28,22.78,5,5,2.28,22.78,2.28,30.44,5,6,0.0,22.78,2.28,32.14,5,9,-2.1,22.78,2.28,111.79,5,18,-4.4,22.78,7.453261,26.39,9.2,Utilities,0.675,27.12,0.27
2026-05-07,EQT,True,False,56.22,8.18,-1.99,6.35,0.967,1.056,0.72,27.1,3,2,-0.61,-25.26,1.64,27.1,5,2,-0.61,-20.82,1.64,32.22,5,6,-0.52,-20.82,3.05,32.22,11,6,-0.52,20.79,3.05,32.22,11,6,-0.52,20.79,10.667932,35.16,5.27,Energy,0.588,31.63,0.34
2026-05-07,GL,True,False,152.45,0.4,-1.26,6.2,1.008,0.81,0.98,6.2,2,0,-1.26,-3.78,1.15,53.85,5,5,1.15,53.85,1.15,53.85,5,5,1.15,53.85,1.8,53.85,10,5,1.15,12.25,1.8,53.85,10,5,1.15,12.25,10.550173,11.96,14.45,Financial Services,0.5,20.15,0.52
2026-05-07,AOS,True,False,60.23,1.97,-1.36,6.15,0.95,1.102,3.7,27.05,1,1,3.7,27.05,3.7,74.21,1,5,-2.34,27.05,3.7,107.5,1,6,-0.36,27.05,3.7,107.5,1,6,-0.36,27.05,3.7,127.2,1,16,-5.32,27.05,16.061333,8.3,3.75,Industrials,1.217,35.29,0.46
2026-05-07,WFC,True,False,79.16,15.23,-1.57,6.15,0.971,0.904,0.9,26.08,2,1,0.66,-12.25,0.9,26.08,2,1,0.66,-12.25,1.44,34.42,8,6,0.01,30.45,1.44,34.42,8,6,0.01,30.45,1.45,126.42,18,17,-5.7,82.56,12.234931,242.24,6.47,Financial Services,0.96,20.15,0.61
2026-05-07,ETN,True,False,399.15,3.48,-5.28,5.93,0.971,1.289,2.56,108.47,1,2,-2.74,-52.16,5.41,108.47,5,2,-2.74,68.23,5.41,108.47,5,2,-2.74,68.23,5.41,108.47,5,2,-2.74,68.23,5.41,108.47,5,2,-2.74,68.23,38.979492,154.99,10.24,Industrials,1.24,35.29,1.1
2026-05-07,FFIV,True,False,345.02,0.71,1.17,5.66,1.102,0.888,3.02,12.7,2,1,0.33,-8.13,3.02,12.7,2,1,0.33,-8.13,8.02,83.55,6,7,2.04,-2.82,8.02,83.55,6,7,2.04,-2.82,8.02,83.55,6,7,2.04,-2.82,28.326763,19.47,12.18,Technology,1.001,57.72,0.49
2026-05-07,BX,True,False,122.33,5.12,-1.89,5.64,0.994,0.806,1.61,9.99,1,2,-0.3,1.4,4.8,52.39,5,5,4.8,52.39,4.8,52.39,5,5,4.8,52.39,4.8,72.86,5,10,-5.7,52.39,6.09,72.86,18,10,-5.7,70.01,31.366667,149.52,3.9,Financial Services,1.634,20.15,1.56
2026-05-07,XYL,True,False,115.64,2.64,-2.49,5.53,0.953,1.076,1.89,89.67,1,1,1.89,89.67,2.39,89.67,5,1,1.89,-4.43,2.39,89.67,5,1,1.89,-4.43,2.39,89.67,5,1,1.89,-4.43,2.39,140.6,5,14,-3.27,-4.43,28.766169,27.49,4.02,Industrials,1.077,35.29,0.82
2026-05-07,KEYS,True,False,355.06,1.0,-3.17,5.4,1.044,0.929,3.02,20.78,1,1,3.02,20.78,4.31,62.87,5,5,4.31,62.87,4.31,83.54,5,8,-1.82,62.87,4.31,83.54,5,8,-1.82,62.87,4.31,83.54,5,8,-1.82,62.87,62.510567,60.89,5.68,Technology,1.261,57.72,1.08
2026-05-07,HAL,True,False,39.12,12.61,-3.17,5.29,0.992,0.984,0.77,82.53,3,1,-3.16,-24.42,1.17,82.53,5,1,-3.16,11.84,2.45,82.53,6,1,-3.16,4.46,4.01,82.53,12,1,-3.16,-11.6,4.01,82.53,12,1,-3.16,-11.6,21.61326,32.68,1.81,Energy,0.742,31.63,0.68
2026-05-07,TRGP,True,False,252.44,1.56,1.18,4.96,1.035,1.297,1.85,57.42,3,1,-3.94,-4.82,4.5,57.42,5,1,-3.94,-1.18,4.5,138.94,5,8,0.25,-1.18,4.5,138.94,5,8,0.25,-1.18,4.5,145.45,5,14,-1.8,-1.18,25.785496,54.26,9.79,Energy,0.744,31.63,0.82
2026-05-07,RSG,True,False,201.55,2.5,0.93,4.94,0.967,1.465,0.93,91.25,0,1,-2.06,4.94,0.93,91.25,0,1,-2.06,4.94,0.99,91.25,7,1,-2.06,85.28,4.26,91.25,10,1,-2.06,12.78,4.26,94.15,10,14,-0.95,12.78,28.916788,62.27,6.97,Industrials,0.438,35.29,0.82
2026-05-07,Q,True,False,143.59,1.95,-3.91,4.76,1.036,1.246,3.84,64.35,2,1,2.03,-5.41,3.84,64.35,2,1,2.03,-5.41,3.84,64.35,2,1,2.03,-5.41,3.84,90.62,2,10,0.63,-5.41,3.84,90.62,2,10,0.63,-5.41,43.51212,30.1,3.3,Technology,,57.72,0.75
2026-05-07,CRL,True,False,181.68,1.15,-0.03,4.67,1.032,1.444,7.58,57.43,2,2,7.58,57.43,7.58,57.43,2,2,7.58,57.43,7.58,57.43,2,2,7.58,57.43,7.58,94.58,2,11,0.93,57.43,7.58,94.58,2,11,0.93,57.43,,8.96,-3.71,Healthcare,1.446,29.02,
2026-05-07,LII,True,False,526.61,0.4,-2.73,4.56,1.041,0.762,3.67,4.56,1,0,-2.73,-1.31,3.67,4.56,1,0,-2.73,-1.31,4.46,86.55,6,6,4.46,86.55,4.46,86.55,6,6,4.46,86.55,4.46,186.02,6,16,-6.94,86.55,23.415295,18.33,22.49,Industrials,1.227,35.29,0.66
2026-05-07,GILD,True,True,134.06,6.62,-1.64,4.28,0.996,1.183,2.11,6.59,1,3,0.79,3.23,2.11,31.93,1,5,1.55,3.23,2.11,36.95,1,8,-2.03,3.23,2.11,56.81,1,12,-1.9,3.23,2.11,114.01,1,14,-0.66,3.23,18.239456,166.4,7.35,Healthcare,0.332,29.02,0.63
2026-05-07,SBUX,True,True,104.26,9.02,-2.05,4.13,1.036,1.23,1.43,34.18,1,1,1.43,34.18,1.43,34.18,1,1,1.43,34.18,8.45,145.09,6,6,8.45,145.09,8.45,145.09,6,6,8.45,145.09,8.45,145.09,6,6,8.45,145.09,79.58779,118.83,1.31,Consumer Cyclical,1.009,43.03,1.85
2026-05-07,MTB,True,False,213.02,0.83,-2.02,3.97,0.978,0.831,0.9,24.87,1,3,-1.09,-28.34,1.43,24.87,5,3,-1.09,-26.81,1.43,53.8,5,8,1.4,-26.81,1.43,53.8,5,8,1.4,-26.81,1.43,53.8,5,8,1.4,-26.81,11.960697,31.2,17.81,Financial Services,0.591,20.15,0.59
2026-05-07,EG,True,False,351.73,0.28,-0.05,3.86,1.016,0.822,0.63,3.86,1,0,-0.05,-20.37,3.71,50.04,5,5,3.71,50.04,3.71,66.59,5,6,-0.88,50.04,3.71,66.59,5,6,-0.88,50.04,3.71,66.59,5,6,-0.88,50.04,7.163544,13.92,49.1,Financial Services,0.341,20.15,0.36
2026-05-07,PGR,True,False,195.75,3.17,-0.53,3.51,0.976,1.194,-0.04,37.49,3,3,-0.04,37.49,0.31,37.49,5,3,-0.04,30.8,0.54,37.49,8,3,-0.04,9.08,1.83,37.49,12,3,-0.04,14.15,2.8,48.51,18,16,2.36,-9.02,9.961832,114.38,19.65,Financial Services,0.295,20.15,0.49
2026-05-07,AVGO,True,True,412.56,21.39,-3.03,3.32,1.019,1.026,2.61,39.86,2,2,2.61,39.86,2.95,39.86,5,2,2.61,36.71,2.95,46.23,5,7,-4.39,36.71,5.09,46.23,11,7,-4.39,45.63,5.09,46.23,11,7,-4.39,45.63,80.578125,1953.33,5.12,Technology,1.44,57.72,1.4
2026-05-07,XOM,True,False,146.58,21.19,-1.42,3.24,0.972,1.207,0.77,64.29,2,1,-4.0,-12.25,0.77,64.29,2,1,-4.0,-12.25,2.73,64.29,6,1,-4.0,-3.32,2.73,64.29,6,1,-4.0,-3.32,2.73,90.56,6,14,-3.65,-3.32,24.676767,607.57,5.94,Energy,0.183,31.63,0.78
2026-05-07,ORLY,True,True,94.58,4.14,-0.21,2.83,1.007,0.817,1.09,2.83,2,0,-0.21,-7.56,8.41,97.84,5,5,8.41,97.84,8.41,97.84,5,5,8.41,97.84,8.41,97.84,5,5,8.41,97.84,8.41,97.84,5,5,8.41,97.84,30.80782,78.72,3.07,Consumer Cyclical,0.584,43.03,0.72
2026-05-07,ECL,True,False,256.55,1.73,-2.61,2.06,0.96,1.227,2.24,76.43,1,3,-1.51,47.69,2.24,76.43,1,3,-1.51,47.69,2.24,76.43,1,3,-1.51,47.69,2.24,76.43,1,3,-1.51,47.69,2.24,82.92,1,14,2.07,47.69,34.71583,72.46,7.39,Basic Materials,0.929,32.37,1.07
2026-05-07,CPB,True,False,21.25,6.21,1.38,2.04,1.026,0.821,2.0,11.3,2,1,0.24,-23.65,2.0,12.68,2,5,1.66,-23.65,2.0,12.68,2,5,1.66,-23.65,2.0,46.46,2,12,-1.65,-23.65,2.45,46.46,16,12,-1.65,-28.37,11.548913,6.34,1.84,Consumer Defensive,-0.005,25.39,0.45
2026-05-07,SRE,True,False,91.57,4.26,-2.24,1.84,0.969,1.307,-0.01,79.59,2,1,-0.74,-3.38,2.68,81.98,5,5,2.68,81.98,2.68,81.98,5,5,2.68,81.98,2.68,81.98,5,5,2.68,81.98,2.68,81.98,5,5,2.68,81.98,31.146257,59.83,2.94,Utilities,0.604,27.12,1.15
2026-05-07,AON,True,False,313.59,1.5,1.73,1.72,0.976,1.089,1.73,25.47,0,1,-2.0,1.72,1.73,126.02,0,5,-3.36,1.72,1.73,126.02,0,5,-3.36,1.72,1.73,126.02,0,5,-3.36,1.72,4.1,126.02,18,5,-3.36,-30.1,17.211308,66.98,18.22,Financial Services,0.714,20.15,0.85
2026-05-07,MGM,True,False,38.11,4.28,-0.26,1.44,0.989,0.959,0.79,2.93,1,1,0.79,2.93,0.79,24.22,1,5,-0.84,2.93,2.55,72.59,8,8,2.55,72.59,2.55,72.59,8,8,2.55,72.59,4.44,89.2,16,17,-0.05,7.33,52.20548,9.75,0.73,Consumer Cyclical,1.285,43.03,1.21
2026-05-07,SYY,True,False,72.88,4.39,-0.61,1.4,0.98,0.85,0.67,64.93,1,1,0.67,64.93,1.0,64.93,5,1,0.67,-17.86,1.0,64.93,5,1,0.67,-17.86,1.0,64.93,5,1,0.67,-17.86,3.0,64.93,14,1,0.67,-2.81,20.244444,34.85,3.6,Consumer Defensive,0.662,25.39,0.8
2026-05-07,SLB,True,False,53.0,13.09,-3.92,1.16,0.981,0.929,0.67,71.41,2,1,-1.5,-23.68,2.12,71.41,5,1,-1.5,3.39,2.12,71.41,5,1,-1.5,3.39,2.99,71.41,11,1,-1.5,6.19,2.99,71.41,11,1,-1.5,6.19,23.348019,79.24,2.27,Energy,0.731,31.63,0.74
2026-05-07,CF,True,False,118.68,5.44,-0.9,1.1,0.974,1.558,2.61,91.34,3,1,-6.47,24.19,2.61,91.34,3,1,-6.47,24.19,3.65,91.34,6,1,-6.47,21.58,4.63,91.34,12,1,-6.47,-10.12,4.63,161.58,12,14,-9.65,-10.12,10.691892,18.23,11.1,Basic Materials,0.417,32.37,0.33
2026-05-07,KKR,True,False,100.34,5.17,-0.45,1.02,0.991,1.058,-0.34,39.07,3,2,-1.29,0.93,5.05,39.07,5,2,-1.29,29.22,5.05,61.11,5,8,-1.11,29.22,5.05,61.11,5,8,-1.11,29.22,7.59,69.76,18,18,7.59,69.76,42.88034,92.71,2.34,Financial Services,1.852,20.15,2.13
2026-05-07,CPAY,True,False,305.75,0.73,0.1,0.64,0.968,1.455,1.18,63.69,3,1,0.58,33.42,1.18,63.69,3,1,0.58,33.42,1.18,84.92,3,8,-0.04,33.42,1.18,109.37,3,10,-5.21,33.42,4.07,109.37,18,10,-5.21,26.89,20.329123,20.22,15.04,Technology,0.816,57.72,0.35
2026-05-07,NWS,True,False,30.85,1.71,2.05,0.6,1.033,1.669,2.89,56.31,1,2,-1.48,11.63,2.89,88.07,1,5,0.76,11.63,2.89,88.07,1,5,0.76,11.63,2.89,156.49,1,10,-1.11,11.63,2.89,156.49,1,10,-1.11,11.63,40.064938,16.88,0.77,Communication Services,0.902,44.1,0.91
2026-05-07,FITB,True,False,49.67,5.09,-2.3,0.53,0.99,0.866,1.82,13.59,2,2,1.82,13.59,1.95,38.52,5,5,1.95,38.52,1.95,38.52,5,5,1.95,38.52,1.95,38.52,5,5,1.95,38.52,1.95,67.87,5,14,1.66,38.52,16.723906,45.02,2.97,Financial Services,0.955,20.15,0.83
2026-05-07,ICE,True,False,156.11,3.12,1.77,0.52,0.983,0.984,1.77,23.75,0,3,1.09,0.52,1.77,109.21,0,5,1.22,0.52,1.77,109.21,0,5,1.22,0.52,1.77,109.21,0,5,1.22,0.52,2.31,109.21,18,5,1.22,-32.05,22.723436,88.28,6.87,Financial Services,0.964,20.15,1.13
2026-05-07,MRVL,False,True,160.01,23.3,-7.05,0.41,1.06,0.842,3.11,53.19,2,2,3.11,53.19,5.48,53.19,5,2,3.11,-1.56,5.48,53.19,5,2,3.11,-1.56,5.83,53.19,13,2,3.11,50.14,5.83,53.19,13,2,3.11,50.14,52.290848,139.92,3.06,Technology,2.251,57.72,0.91
2026-05-07,TTWO,True,True,223.5,1.86,0.68,0.39,1.047,1.239,4.24,96.34,3,3,4.24,96.34,4.24,96.34,3,3,4.24,96.34,4.24,96.34,3,3,4.24,96.34,4.24,96.34,3,3,4.24,96.34,4.41,96.34,16,3,4.24,12.75,,41.39,-22.58,Communication Services,0.973,44.1,
2026-05-07,ADI,True,True,408.52,3.91,-1.71,0.32,1.072,1.217,2.68,74.66,1,2,1.95,16.47,3.33,74.66,5,2,1.95,20.93,3.33,74.66,5,2,1.95,20.93,5.89,76.73,10,10,5.89,76.73,5.89,138.68,10,14,4.99,76.73,74.41166,199.44,5.49,Technology,1.194,57.72,1.29
2026-05-07,OKE,True,False,85.87,5.45,0.32,-0.09,0.997,1.3,1.5,68.26,3,1,-4.91,-17.67,3.52,68.26,5,1,-4.91,-6.87,3.52,71.41,5,8,0.29,-6.87,3.52,71.41,5,8,0.29,-6.87,3.52,109.2,5,14,-2.0,-6.87,15.306596,54.1,5.61,Energy,0.762,31.63,0.48
2026-05-07,CARR,True,False,67.22,7.63,-1.0,-0.48,1.068,1.035,5.8,40.52,1,2,-2.6,10.65,8.79,76.45,5,5,8.79,76.45,8.79,76.45,5,5,8.79,76.45,8.79,76.45,5,5,8.79,76.45,8.79,267.74,5,16,-9.45,76.45,44.813335,55.83,1.5,Industrials,1.377,35.29,1.27
2026-05-07,ADBE,True,True,256.51,4.42,2.53,-0.63,1.047,0.798,2.53,12.64,0,1,-2.13,-0.63,2.53,92.5,0,5,1.04,-0.63,2.53,92.5,0,5,1.04,-0.63,3.54,92.5,11,5,1.04,23.03,6.55,92.5,18,5,1.04,3.85,14.948136,103.68,17.16,Technology,1.417,57.72,0.26
2026-05-07,CBOE,True,False,338.65,1.02,-2.12,-0.66,1.092,1.127,3.65,2.36,3,1,0.59,-21.33,8.95,76.31,4,4,8.95,76.31,8.95,76.31,4,4,8.95,76.31,8.95,76.31,4,4,8.95,76.31,8.95,96.75,4,14,-3.05,76.31,28.89505,35.44,11.72,Financial Services,0.372,20.15,1.43
2026-05-07,ERIE,True,False,216.75,0.22,1.49,-0.93,0.916,0.877,5.03,88.26,2,2,5.03,88.26,5.03,88.26,2,2,5.03,88.26,5.03,88.26,2,2,5.03,88.26,5.03,88.26,2,2,5.03,88.26,5.03,88.26,2,2,5.03,88.26,19.83074,11.33,10.93,Financial Services,0.32,20.15,0.98
2026-05-07,FDS,True,False,223.98,0.81,5.76,-1.17,0.987,0.924,5.76,178.2,0,2,-2.24,-1.17,5.76,178.2,0,2,-2.24,-1.17,5.76,178.2,0,2,-2.24,-1.17,5.76,178.2,0,2,-2.24,-1.17,7.0,178.2,18,2,-2.24,-14.18,14.413127,8.16,15.54,Financial Services,0.69,20.15,0.72
2026-05-07,AMAT,True,True,410.64,7.14,-4.19,-1.4,1.03,1.219,4.97,24.87,2,2,4.97,24.87,4.97,37.79,2,5,3.11,24.87,4.97,83.57,2,7,-5.87,24.87,4.97,83.57,2,7,-5.87,24.87,4.97,83.57,2,7,-5.87,24.87,42.2035,325.89,9.73,Technology,1.654,57.72,0.73
2026-05-07,CMG,True,False,33.27,16.44,1.62,-1.53,0.976,0.981,1.62,20.55,0,2,1.03,-1.53,3.03,20.55,5,2,1.03,17.83,3.03,39.7,5,6,0.37,17.83,3.03,44.07,5,10,-3.45,17.83,3.03,44.07,5,10,-3.45,17.83,30.522936,42.68,1.09,Consumer Cyclical,1.03,43.03,0.71
2026-05-07,KVUE,True,False,17.72,23.56,0.23,-1.54,1.016,1.379,1.78,55.9,1,1,1.78,55.9,1.78,55.9,1,1,1.78,55.9,1.78,355.38,1,8,0.23,55.9,1.78,355.38,1,8,0.23,55.9,1.78,355.38,1,8,0.23,55.9,21.095238,34.02,0.84,Consumer Defensive,0.521,25.39,0.83
2026-05-07,CME,True,False,286.85,2.13,-0.52,-1.57,0.99,0.895,0.53,14.62,1,2,-1.2,11.26,0.6,28.22,4,5,0.19,-19.49,0.96,28.22,6,5,0.19,8.37,0.96,31.05,6,12,-1.06,8.37,1.79,109.19,18,14,-2.89,-46.73,24.454391,103.94,11.73,Financial Services,0.26,20.15,1.21
2026-05-07,PFG,True,False,100.03,0.99,-1.5,-2.07,1.027,0.729,1.42,9.33,2,3,-1.61,-23.24,1.42,9.33,2,3,-1.61,-23.24,1.42,9.33,2,3,-1.61,-23.24,2.41,52.04,9,12,-0.48,43.97,2.41,52.04,9,12,-0.48,43.97,14.351507,21.61,6.97,Financial Services,0.897,20.15,0.71
2026-05-07,NTRS,True,False,160.03,0.94,-1.99,-2.22,0.991,0.785,1.04,35.98,1,2,0.22,-2.8,1.04,35.98,1,2,0.22,-2.8,2.32,75.63,8,6,-1.24,18.4,8.02,121.91,12,12,8.02,121.91,8.02,121.91,12,12,8.02,121.91,16.757067,29.61,9.55,Financial Services,1.286,20.15,0.83
2026-05-07,CAT,True,False,895.69,2.94,-3.37,-2.26,1.081,1.202,3.41,16.64,2,1,2.47,-3.33,9.88,102.75,5,5,9.88,102.75,9.88,102.75,5,5,9.88,102.75,9.88,102.75,5,5,9.88,102.75,9.88,102.75,5,5,9.88,102.75,44.65055,412.55,20.06,Industrials,1.625,35.29,1.27
2026-05-07,FOX,True,False,56.5,1.06,0.5,-2.28,0.993,1.076,0.55,44.57,1,1,0.55,44.57,0.71,52.1,5,5,0.71,52.1,1.69,52.1,8,5,0.71,-7.82,1.69,52.1,8,5,0.71,-7.82,2.41,74.37,18,17,1.01,-32.3,13.54916,24.03,4.17,Communication Services,0.526,44.1,0.31
2026-05-07,ADSK,True,True,251.04,2.02,3.27,-2.35,1.052,1.03,3.27,36.11,0,2,0.76,-2.35,3.27,42.99,0,5,0.48,-2.35,3.27,42.99,0,5,0.48,-2.35,3.27,59.98,0,10,-6.3,-2.35,4.69,68.19,16,14,-0.47,-2.98,48.091953,53.01,5.22,Technology,1.322,57.72,0.83
2026-05-07,USB,True,False,55.31,8.99,-1.51,-2.44,0.985,1.012,1.01,31.41,1,1,1.01,31.41,1.01,31.41,1,1,1.01,31.41,1.01,31.41,1,1,1.01,31.41,1.01,31.41,1,1,1.01,31.41,2.61,161.37,14,17,-0.74,-17.68,11.595388,85.86,4.77,Financial Services,1.016,20.15,0.58
2026-05-07,INTU,True,True,406.78,2.19,4.69,-2.46,1.043,0.698,4.69,13.21,0,3,1.99,-2.46,4.69,30.02,0,5,-1.67,-2.46,4.69,30.02,0,5,-1.67,-2.46,4.69,30.02,0,5,-1.67,-2.46,6.25,35.02,16,16,6.25,35.02,26.448635,113.2,15.38,Technology,1.035,57.72,0.46
2026-05-07,VRT,True,False,340.01,5.43,-5.27,-2.66,1.076,0.951,5.25,11.77,1,3,0.81,2.33,7.29,38.19,5,5,7.29,38.19,7.29,50.99,5,7,-5.4,38.19,7.29,55.93,5,12,-0.63,38.19,7.29,55.93,5,12,-0.63,38.19,85.42965,130.6,3.98,Industrials,2.099,35.29,2.42
2026-05-07,ELV,True,False,372.92,1.14,-0.48,-2.77,1.087,0.691,1.53,37.88,1,3,-0.21,-13.33,1.53,37.88,1,3,-0.21,-13.33,3.83,53.45,6,8,3.3,45.95,5.51,53.45,10,8,3.3,-7.31,5.51,58.23,10,18,1.46,-7.31,15.795002,80.98,23.61,Healthcare,0.671,29.02,0.54
2026-05-07,AVY,True,False,165.53,0.63,-0.69,-3.06,0.99,0.979,2.91,18.0,1,3,-1.58,2.49,2.91,18.0,1,3,-1.58,2.49,2.91,67.94,1,8,-0.31,2.49,2.91,67.94,1,8,-0.31,2.49,3.73,100.34,14,15,-1.05,-36.38,18.640766,12.66,8.88,Consumer Cyclical,0.847,43.03,0.43
2026-05-07,CRM,True,False,186.34,10.94,2.84,-3.19,1.036,0.829,2.84,16.04,0,1,-3.1,-3.19,4.13,109.34,4,5,-2.59,-14.46,4.13,109.34,4,5,-2.59,-14.46,4.13,109.34,4,5,-2.59,-14.46,4.76,109.34,18,5,-2.59,-31.58,23.859154,152.44,7.81,Technology,1.139,57.72,0.41
2026-05-07,WRB,True,False,66.53,1.49,0.62,-3.38,0.999,0.693,0.62,-2.46,0,1,-0.56,-3.38,0.62,28.93,0,5,-0.18,-3.38,1.39,28.93,7,5,-0.18,-3.34,3.21,109.99,11,12,-1.21,23.7,3.21,109.99,11,12,-1.21,23.7,14.09534,24.77,4.72,Financial Services,0.332,20.15,0.7
2026-05-07,TROW,True,False,103.59,2.05,-2.39,-3.51,1.044,0.982,1.94,12.29,1,1,1.94,12.29,2.4,72.16,5,5,2.4,72.16,2.4,72.16,5,5,2.4,72.16,2.4,72.16,5,5,2.4,72.16,3.15,72.16,18,5,2.4,21.66,11.114807,22.2,9.32,Financial Services,1.532,20.15,0.55
2026-05-07,PFE,True,False,26.48,38.89,-0.19,-3.63,0.986,1.105,0.57,66.72,2,2,0.57,66.72,1.68,66.72,5,2,0.57,30.41,1.68,67.07,5,7,-1.16,30.41,1.68,67.07,5,7,-1.16,30.41,1.68,67.07,5,7,-1.16,30.41,20.213741,150.92,1.31,Healthcare,0.305,29.02,0.7
2026-05-07,LMT,True,False,512.41,1.53,-0.36,-3.69,0.924,0.982,1.05,16.5,3,1,1.05,-2.31,1.6,16.5,5,1,1.05,-1.9,1.6,16.5,5,1,1.05,-1.9,1.6,42.75,5,11,-2.89,-1.9,1.6,99.37,5,14,-2.52,-1.9,24.814043,118.14,20.65,Industrials,0.1,35.29,0.7
2026-05-07,IDXX,True,True,572.2,0.64,-1.21,-3.96,1.001,1.141,2.89,16.57,1,3,-0.76,-9.42,2.89,16.57,1,3,-0.76,-9.42,2.89,16.57,1,3,-0.76,-9.42,2.89,72.64,1,10,-3.01,-9.42,3.39,72.64,14,10,-3.01,46.14,42.01175,45.14,13.62,Healthcare,1.574,29.02,1.45
2026-05-07,MLM,True,False,600.49,0.39,-2.44,-4.0,0.974,0.843,1.55,48.33,1,3,-1.82,-17.59,1.55,63.26,1,5,1.01,-17.59,1.55,119.29,1,8,-0.9,-17.59,1.55,119.29,1,8,-0.9,-17.59,2.31,119.29,14,8,-0.9,-15.77,37.671894,36.06,15.94,Basic Materials,1.136,32.37,1.16
2026-05-07,SO,True,False,92.43,6.07,-1.15,-4.25,0.976,1.254,-0.09,37.67,2,2,-0.09,37.67,3.41,79.1,5,5,3.41,79.1,3.41,79.1,5,5,3.41,79.1,3.41,79.1,5,5,3.41,79.1,3.41,79.1,5,5,3.41,79.1,23.639385,104.2,3.91,Utilities,0.357,27.12,0.87
2026-05-07,BIIB,True,False,191.38,0.71,0.37,-4.57,1.04,0.614,1.03,26.48,2,1,0.82,-6.46,1.03,26.48,2,1,0.82,-6.46,6.0,98.56,6,6,6.0,98.56,6.0,98.56,6,6,6.0,98.56,6.0,98.56,6,6,6.0,98.56,20.55639,28.25,9.31,Healthcare,0.195,29.02,0.71
2026-05-07,CTSH,True,True,51.94,7.54,1.19,-4.63,0.919,1.111,1.19,25.35,0,1,-1.04,-4.63,1.19,25.35,0,1,-1.04,-4.63,1.19,42.38,0,7,0.9,-4.63,1.19,62.49,0,10,-6.31,-4.63,4.51,62.49,18,10,-6.31,16.09,11.26681,24.57,4.61,Technology,0.803,57.72,0.2
2026-05-07,VST,True,False,153.95,7.82,-2.74,-4.78,0.968,1.881,3.59,130.29,3,1,-1.3,33.88,3.59,130.29,3,1,-1.3,33.88,3.59,130.29,3,1,-1.3,33.88,4.78,130.29,9,1,-1.3,6.38,4.78,130.29,9,1,-1.3,6.38,70.61926,52.12,2.18,Utilities,1.447,27.12,2.6
2026-05-07,KMI,True,False,31.52,12.18,-0.19,-4.86,0.993,0.979,0.74,37.82,3,1,-2.2,34.21,3.23,47.97,5,5,3.23,47.97,3.23,47.97,5,5,3.23,47.97,3.23,47.97,5,5,3.23,47.97,3.23,49.0,5,17,-1.31,47.97,21.154362,70.13,1.49,Energy,0.564,31.63,0.67
2026-05-07,HSIC,True,False,70.5,2.37,-2.68,-4.9,0.929,1.805,3.26,38.43,2,3,-2.58,-1.02,3.26,38.43,2,3,-2.58,-1.02,3.26,41.01,2,8,-0.44,-1.02,3.26,41.01,2,8,-0.44,-1.02,3.26,41.01,2,8,-0.44,-1.02,21.299093,8.03,3.31,Healthcare,0.822,29.02,0.73
2026-05-07,ALGN,True,False,168.39,0.73,-3.19,-4.95,0.927,0.699,3.1,6.77,1,2,-1.84,2.29,3.1,40.19,1,5,-1.34,2.29,3.1,101.03,1,8,-2.59,2.29,3.1,101.03,1,8,-2.59,2.29,4.35,101.03,18,8,-2.59,31.43,28.348484,12.06,5.94,Healthcare,1.695,29.02,0.98
2026-05-07,PM,True,False,171.11,4.32,0.34,-5.32,1.049,0.915,1.69,5.89,3,1,0.63,5.8,1.69,27.36,3,5,1.45,5.8,3.1,27.36,7,5,1.45,-11.91,6.98,50.5,11,11,6.98,50.5,6.98,60.84,11,14,0.99,50.5,24.066103,266.69,7.11,Consumer Defensive,0.393,25.39,0.95
2026-05-07,STZ,True,False,150.25,1.4,-1.34,-5.44,0.958,0.711,1.66,38.06,1,3,-3.06,4.64,4.11,38.06,5,3,-3.06,-12.99,4.11,49.39,5,8,-0.59,-12.99,4.11,49.39,5,8,-0.59,-12.99,4.11,49.39,5,8,-0.59,-12.99,15.618504,25.88,9.62,Consumer Defensive,0.424,25.39,0.62
2026-05-07,PAYX,True,True,94.26,3.91,3.15,-5.61,1.032,1.199,3.15,47.02,0,1,-1.58,-5.61,3.15,47.02,0,1,-1.58,-5.61,3.36,47.02,6,1,-1.58,22.8,3.36,47.02,6,1,-1.58,22.8,4.38,47.02,18,1,-1.58,20.35,20.807947,33.77,4.53,Technology,,57.72,0.36
2026-05-07,NUE,True,False,226.7,1.15,-3.21,-5.68,1.079,0.732,2.77,42.73,2,2,2.77,42.73,2.77,42.73,2,2,2.77,42.73,4.7,153.44,7,7,4.7,153.44,4.7,153.44,7,7,4.7,153.44,4.7,153.44,7,7,4.7,153.44,22.467789,51.63,10.09,Basic Materials,1.884,32.37,0.69
2026-05-07,APD,True,False,294.99,0.83,-1.74,-5.87,0.987,0.825,1.87,12.21,2,3,-0.9,-30.59,1.87,134.24,2,5,-0.81,-30.59,1.87,134.24,2,5,-0.81,-30.59,2.32,134.24,10,5,-0.81,-6.84,2.32,134.24,10,5,-0.81,-6.84,31.051579,65.69,9.5,Basic Materials,0.776,32.37,0.96
2026-05-07,IRM,True,False,126.81,1.58,-3.98,-5.97,1.068,0.909,2.71,49.98,2,2,2.71,49.98,10.02,172.6,5,5,10.02,172.6,10.02,172.6,5,5,10.02,172.6,10.02,172.6,5,5,10.02,172.6,10.02,172.6,5,5,10.02,172.6,136.35483,37.73,0.93,Real Estate,1.227,58.35,2.34
2026-05-07,DLTR,True,False,96.76,3.55,0.26,-6.12,0.969,0.963,3.01,62.31,1,2,-0.38,-23.87,3.01,62.31,1,2,-0.38,-23.87,3.01,131.81,1,8,-5.54,-23.87,3.01,131.81,1,8,-5.54,-23.87,6.0,131.81,14,8,-5.54,117.04,16.289562,18.84,5.94,Consumer Defensive,0.609,25.39,0.64
2026-05-07,ROK,True,False,448.55,1.11,-2.35,-6.35,1.092,1.451,8.9,93.3,2,2,8.9,93.3,8.9,93.3,2,2,8.9,93.3,8.9,93.3,2,2,8.9,93.3,8.9,93.3,2,2,8.9,93.3,8.9,93.3,2,2,8.9,93.3,46.53008,49.91,9.64,Industrials,1.557,35.29,1.32
2026-05-07,AMP,True,False,458.84,0.48,-3.46,-6.67,0.99,0.739,1.29,26.38,2,1,0.13,-2.07,1.29,29.64,2,5,-0.12,-2.07,2.96,29.64,8,5,-0.12,-15.75,2.96,55.59,8,9,0.98,-15.75,2.96,117.22,8,14,-0.61,-15.75,11.4281435,41.34,40.15,Financial Services,1.201,20.15,0.57
2026-05-07,DOW,True,False,37.32,16.66,-3.06,-6.78,0.961,1.232,0.72,151.09,3,1,-5.64,-4.24,2.38,151.09,5,1,-5.64,36.68,4.05,151.09,6,1,-5.64,25.8,4.19,151.09,12,1,-5.64,9.07,4.19,151.09,12,1,-5.64,9.07,,26.9,-4.0,Basic Materials,0.454,32.37,
2026-05-07,NTAP,True,False,113.0,1.99,1.13,-7.12,1.058,1.012,2.88,37.75,2,2,2.88,37.75,2.88,37.75,2,2,2.88,37.75,2.88,48.04,2,8,-0.25,37.75,4.69,48.04,12,8,-0.25,45.54,4.69,48.04,12,8,-0.25,45.54,18.959732,22.38,5.96,Technology,1.267,57.72,0.33
2026-05-07,UAL,True,False,99.7,8.12,-0.34,-7.25,1.054,1.092,6.8,104.47,1,1,6.8,104.47,6.8,104.47,1,1,6.8,104.47,6.8,104.47,1,1,6.8,104.47,6.8,104.47,1,1,6.8,104.47,7.12,123.94,14,14,7.12,123.94,8.917709,32.36,11.18,Industrials,1.206,35.29,0.25
2026-05-07,WM,True,False,221.45,1.6,0.42,-7.43,0.976,0.807,0.42,18.89,0,2,-1.47,-7.43,0.97,20.64,5,5,0.97,20.64,1.3,35.06,6,7,0.51,12.0,3.96,42.33,10,10,3.96,42.33,3.96,68.19,10,18,0.68,42.33,32.0942,88.93,6.9,Industrials,0.495,35.29,0.91
2026-05-07,TKO,True,False,187.51,2.04,-1.55,-7.52,0.996,1.615,1.89,79.92,1,2,0.51,41.44,1.89,79.92,1,2,0.51,41.44,1.89,79.92,1,2,0.51,41.44,1.89,79.92,1,2,0.51,41.44,1.89,93.48,1,17,-0.05,41.44,69.706314,14.06,2.69,Communication Services,0.105,44.1,1.58
2026-05-07,ALLE,True,False,136.81,1.15,1.09,-7.73,0.966,1.014,2.3,40.58,1,2,-0.15,-21.98,2.3,40.58,1,2,-0.15,-21.98,2.3,94.33,1,7,-7.1,-21.98,2.3,94.33,1,7,-7.1,-21.98,2.3,160.93,1,16,-3.66,-21.98,18.68989,11.76,7.32,Industrials,0.903,35.29,0.53
2026-05-07,MAS,True,False,71.93,2.58,-0.03,-7.93,1.04,0.75,2.8,18.31,2,1,2.19,4.31,2.8,18.31,2,1,2.19,4.31,2.8,19.51,2,7,0.13,4.31,10.78,58.93,11,12,0.12,36.19,10.78,58.93,11,12,0.12,36.19,17.804455,14.51,4.04,Industrials,1.338,35.29,0.5
2026-05-07,HIG,True,False,132.67,1.3,-0.61,-7.94,0.967,0.876,0.25,9.68,2,2,0.25,9.68,0.25,95.2,2,5,0.12,9.68,1.68,95.2,8,5,0.12,-33.18,1.68,95.93,8,9,-3.7,-33.18,1.68,95.93,8,9,-3.7,-33.18,9.336383,36.37,14.21,Financial Services,0.504,20.15,0.46
2026-05-07,BAX,True,False,17.49,5.4,3.0,-7.95,0.987,0.688,3.0,2.9,0,2,0.78,-7.95,4.02,38.5,5,5,4.02,38.5,4.02,58.52,5,6,-5.8,38.5,4.02,58.52,5,6,-5.8,38.5,4.02,242.44,5,18,2.8,38.5,,9.03,-1.91,Healthcare,0.621,29.02,
2026-05-07,CCI,True,False,91.07,2.33,0.92,-8.03,1.043,0.802,1.28,-6.94,1,3,1.03,-7.99,3.39,7.3,5,5,3.39,7.3,3.39,8.71,5,8,-3.36,7.3,3.39,48.31,5,12,-3.02,7.3,3.39,48.31,5,12,-3.02,7.3,38.426163,39.74,2.37,Real Estate,0.949,58.35,0.66
2026-05-07,KLAC,True,True,1763.25,1.23,-2.92,-8.21,0.988,1.237,4.81,50.85,1,2,1.14,12.29,4.81,73.12,1,5,-3.63,12.29,4.81,73.12,1,5,-3.63,12.29,6.59,73.12,9,5,-3.63,23.11,6.59,73.12,9,5,-3.63,23.11,49.992912,230.33,35.27,Technology,1.501,57.72,0.87
2026-05-07,SHOP,False,True,111.74,22.55,5.97,-8.48,0.917,2.097,5.97,255.2,0,2,-15.62,-8.48,5.97,255.2,0,2,-15.62,-8.48,5.97,255.2,0,2,-15.62,-8.48,5.97,255.2,0,2,-15.62,-8.48,8.31,255.2,16,2,-15.62,2.35,109.54902,145.0,1.02,Technology,2.644,57.72,1.9
2026-05-07,ED,True,False,106.39,2.09,-0.45,-8.55,0.967,1.163,-0.44,28.44,2,1,-2.09,-38.96,2.4,92.99,5,5,2.4,92.99,2.4,92.99,5,5,2.4,92.99,2.4,92.99,5,5,2.4,92.99,2.4,92.99,5,5,2.4,92.99,18.863476,39.2,5.64,Utilities,0.288,27.12,0.7
2026-05-07,RTX,True,False,176.78,5.57,0.02,-8.67,0.955,1.03,2.24,29.18,1,1,2.24,29.18,2.24,29.18,1,1,2.24,29.18,2.24,29.18,1,1,2.24,29.18,2.24,67.03,1,9,-2.81,29.18,2.24,67.03,1,9,-2.81,29.18,33.104866,238.07,5.34,Industrials,0.301,35.29,0.94
2026-05-07,KEY,True,False,21.69,10.19,-2.43,-8.98,0.994,0.83,1.65,93.97,1,3,-0.96,-14.59,2.03,93.97,5,3,-0.96,-5.15,2.03,93.97,5,3,-0.96,-5.15,2.03,93.97,5,3,-0.96,-5.15,2.03,93.97,5,3,-0.96,-5.15,13.306748,23.52,1.63,Financial Services,1.055,20.15,0.66
2026-05-07,MS,True,False,190.17,5.75,-1.64,-9.0,1.016,1.025,2.17,31.44,1,1,2.17,31.44,2.42,31.44,5,1,2.17,10.91,2.42,31.44,5,1,2.17,10.91,2.42,31.44,5,1,2.17,10.91,4.52,48.18,16,18,1.97,11.93,17.209955,299.95,11.05,Financial Services,1.207,20.15,0.85
2026-05-07,DPZ,True,False,332.53,1.03,2.42,-9.09,0.939,1.001,2.42,53.81,0,3,-2.18,-9.09,2.42,53.81,0,3,-2.18,-9.09,2.42,196.28,0,8,-8.84,-9.09,2.42,196.28,0,8,-8.84,-9.09,2.42,196.28,0,8,-8.84,-9.09,19.154953,11.06,17.36,Consumer Cyclical,1.02,43.03,0.45
2026-05-07,PNC,True,False,219.29,1.2,-1.41,-9.48,0.988,0.625,1.65,25.01,2,3,-1.21,-4.18,1.96,42.56,5,5,1.96,42.56,1.96,42.56,5,5,1.96,42.56,1.96,43.67,5,12,0.45,42.56,2.15,43.67,14,12,0.45,20.39,12.7346115,88.06,17.22,Financial Services,0.93,20.15,0.63
2026-05-07,APO,True,False,127.79,4.06,-1.34,-9.86,1.04,0.915,0.86,27.15,2,2,0.86,27.15,5.27,80.38,5,5,5.27,80.38,5.27,80.38,5,5,5.27,80.38,5.27,80.38,5,5,5.27,80.38,5.44,80.38,18,5,5.27,3.83,80.879745,73.67,1.58,Financial Services,,20.15,4.01
2026-05-07,BLDR,True,False,79.41,3.24,-0.77,-10.19,0.937,1.261,7.34,30.09,1,1,7.34,30.09,7.34,34.83,1,5,-5.15,30.09,7.34,121.34,1,6,-5.38,30.09,7.34,121.34,1,6,-5.38,30.09,7.34,121.34,1,6,-5.38,30.09,30.309162,8.54,2.62,Industrials,1.485,35.29,0.86
2026-05-07,HPQ,True,False,20.99,18.21,-1.96,-10.32,1.048,1.117,1.68,84.33,2,2,1.68,84.33,3.57,84.33,5,2,1.68,21.5,3.57,84.33,5,2,1.68,21.5,7.66,102.18,12,12,7.66,102.18,7.66,143.36,12,18,5.31,102.18,7.950757,19.27,2.64,Technology,1.108,57.72,0.14
2026-05-07,PLTR,True,True,137.05,49.67,2.44,-10.55,0.977,0.939,2.44,112.3,0,3,1.36,-10.55,3.57,112.3,4,3,1.36,2.14,3.57,112.3,4,3,1.36,2.14,4.56,112.3,11,3,1.36,-2.52,4.75,112.3,16,3,1.36,-8.33,153.98877,328.55,0.89,Technology,1.521,57.72,2.67
2026-05-07,AMGN,True,True,329.09,2.57,-0.61,-10.63,0.96,0.974,1.77,-4.58,2,2,1.77,-4.58,2.43,42.76,5,5,2.43,42.76,2.43,42.76,5,5,2.43,42.76,2.43,42.76,5,5,2.43,42.76,2.43,86.01,5,14,1.69,42.76,22.885258,177.71,14.38,Healthcare,0.435,29.02,0.79
2026-05-07,CNC,True,False,54.98,7.08,-0.63,-11.31,1.235,1.049,4.44,58.71,1,1,4.44,58.71,4.44,58.71,1,1,4.44,58.71,13.95,80.92,7,7,13.95,80.92,13.95,80.92,7,7,13.95,80.92,13.95,80.92,7,7,13.95,80.92,,27.15,-13.05,Healthcare,1.062,29.02,
2026-05-07,NVDA,True,True,211.5,166.7,1.77,-11.5,1.052,1.11,5.77,66.1,1,1,5.77,66.1,5.77,82.07,1,5,-4.63,66.1,5.77,82.07,1,5,-4.63,66.1,5.77,88.56,1,9,4.32,66.1,5.77,88.56,1,9,4.32,66.1,43.07536,5140.51,4.91,Technology,2.244,57.72,0.75
2026-05-07,WMB,True,False,72.95,7.2,-1.1,-11.79,1.004,1.192,0.94,64.22,2,3,-0.17,20.04,4.08,64.22,5,3,-0.17,57.91,4.08,64.22,5,3,-0.17,57.91,4.08,64.22,5,3,-0.17,57.91,4.08,64.22,5,3,-0.17,57.91,31.995613,89.22,2.28,Energy,0.633,31.63,1.01
2026-05-07,HPE,True,False,29.7,11.29,-2.21,-12.25,1.079,0.818,4.63,11.16,2,1,1.1,-4.12,4.63,29.54,2,5,1.66,-4.12,4.63,35.71,2,7,-2.34,-4.12,5.18,35.71,13,7,-2.34,15.0,5.18,66.93,13,15,5.16,15.0,,39.41,-0.17,Technology,1.295,57.72,
2026-05-07,HOOD,True,False,76.28,21.6,-3.5,-12.47,0.952,0.62,3.92,16.32,3,3,3.92,16.32,3.92,16.32,3,3,3.92,16.32,3.92,154.75,3,6,-13.24,16.32,3.92,154.75,3,6,-13.24,16.32,10.41,154.75,16,6,-13.24,66.81,37.029125,68.69,2.06,Financial Services,2.294,20.15,1.84
2026-05-07,TSCO,True,False,31.74,14.78,-2.43,-12.61,0.815,1.241,1.15,26.44,2,3,-4.49,10.35,1.15,26.44,2,3,-4.49,10.35,1.15,26.44,2,3,-4.49,10.35,1.15,148.45,2,12,-11.69,10.35,1.15,148.45,2,12,-11.69,10.35,15.6354685,16.71,2.03,Consumer Cyclical,0.503,43.03,0.36
2026-05-07,ON,True,False,100.61,19.2,-4.88,-12.66,1.125,1.503,3.02,75.29,1,3,-0.96,-3.27,3.02,75.29,1,3,-0.96,-3.27,5.96,75.29,6,3,-0.96,13.08,9.88,80.82,10,10,9.88,80.82,10.35,220.69,15,15,10.35,220.69,73.97794,39.43,1.36,Technology,1.938,57.72,1.28
2026-05-07,OXY,True,False,53.94,18.06,-2.14,-12.75,0.941,1.37,2.66,119.36,3,1,-7.11,-25.24,2.66,119.36,3,1,-7.11,-25.24,3.67,119.36,6,1,-7.11,8.14,3.67,119.36,6,1,-7.11,8.14,3.67,141.3,6,14,-5.42,8.14,72.89189,53.65,0.74,Energy,0.172,31.63,2.3
2026-05-07,MDT,True,False,77.96,10.01,0.46,-12.82,0.939,1.074,0.46,34.66,0,3,-2.12,-12.82,2.02,45.94,5,5,2.02,45.94,2.02,49.05,5,7,-1.23,45.94,2.02,49.05,5,7,-1.23,45.94,2.02,51.47,5,16,-1.16,45.94,21.776537,100.09,3.58,Healthcare,0.632,29.02,0.75
2026-05-07,IVZ,True,False,26.83,4.39,-1.9,-12.91,1.059,0.712,3.03,36.45,2,2,3.03,36.45,3.03,36.45,2,2,3.03,36.45,3.03,42.68,2,8,-0.12,36.45,3.03,42.68,2,8,-0.12,36.45,3.33,58.33,14,15,-2.83,-13.17,,11.89,-1.47,Financial Services,1.573,20.15,
2026-05-07,BRO,True,False,58.05,2.83,2.63,-13.21,0.905,0.964,2.63,0.11,0,1,-1.65,-13.21,2.63,53.07,0,5,-2.42,-13.21,2.63,53.07,0,5,-2.42,-13.21,2.63,53.07,0,5,-2.42,-13.21,3.66,53.07,18,5,-2.42,3.14,18.908794,19.68,3.07,Financial Services,0.657,20.15,0.94
2026-05-07,MDLZ,True,True,61.31,5.22,-0.91,-13.31,1.042,0.666,0.83,32.91,1,2,-0.03,-27.88,0.83,32.91,1,2,-0.03,-27.88,4.27,76.15,6,7,1.95,25.64,4.27,76.15,6,7,1.95,25.64,4.27,76.15,6,7,1.95,25.64,30.351486,78.7,2.02,Consumer Defensive,0.404,25.39,1.2
2026-05-07,EOG,True,False,130.89,5.0,-2.82,-13.47,0.971,1.236,1.91,45.06,3,1,-4.35,27.22,1.91,45.06,3,1,-4.35,27.22,2.46,50.28,6,7,1.92,-13.66,2.53,50.28,12,7,1.92,-21.06,2.53,91.9,12,15,2.06,-21.06,12.870206,69.72,10.17,Energy,0.279,31.63,0.41
2026-05-07,CL,True,False,87.36,4.99,-0.91,-13.49,1.032,0.921,2.12,12.89,1,1,2.12,12.89,2.23,75.11,4,5,1.03,19.18,2.23,75.11,4,5,1.03,19.18,2.23,75.11,4,5,1.03,19.18,2.62,75.11,14,5,1.03,48.17,33.860466,69.9,2.58,Consumer Defensive,0.304,25.39,1.33
2026-05-07,NKE,True,False,44.41,16.79,1.21,-13.51,0.996,0.815,1.9,187.75,1,3,-2.95,4.39,1.9,187.75,1,3,-2.95,4.39,1.9,187.75,1,3,-2.95,4.39,1.9,187.75,1,3,-2.95,4.39,3.01,187.75,17,3,-2.95,6.2,29.217106,65.77,1.52,Consumer Cyclical,1.124,43.03,0.68
2026-05-07,WMT,True,True,130.2,14.15,0.09,-13.55,1.013,0.885,0.35,53.91,2,1,-0.54,2.87,3.06,53.91,5,1,-0.54,20.13,3.06,53.91,5,1,-0.54,20.13,3.06,53.91,5,1,-0.54,20.13,3.06,53.91,5,1,-0.54,20.13,47.692307,1037.82,2.73,Consumer Defensive,0.652,25.39,1.88
2026-05-07,MOS,True,False,22.91,6.82,-2.76,-13.8,0.96,0.83,1.29,17.33,1,3,-0.78,16.74,1.29,19.48,1,5,1.04,16.74,1.29,54.87,1,8,-3.25,16.74,1.32,54.87,11,8,-3.25,19.93,4.21,54.87,15,8,-3.25,0.15,13.47647,7.28,1.7,Basic Materials,0.797,32.37,0.42
2026-05-07,SYK,True,False,294.23,2.61,0.65,-13.86,0.909,1.126,1.5,11.8,2,2,1.5,11.8,1.5,64.09,2,4,-6.47,11.8,1.5,64.09,2,4,-6.47,11.8,1.5,64.09,2,4,-6.47,11.8,2.39,64.09,18,4,-6.47,49.41,34.01503,112.69,8.65,Healthcare,0.81,29.02,1.17
2026-05-07,CVX,True,False,182.5,9.51,-1.44,-14.16,0.971,0.948,0.87,96.41,3,1,-3.88,-21.14,0.87,96.41,3,1,-3.88,-21.14,2.05,96.41,6,1,-3.88,-19.62,2.05,96.41,6,1,-3.88,-19.62,2.05,96.41,6,1,-3.88,-19.62,31.73913,360.8,5.75,Energy,0.501,31.63,1.0
2026-05-07,ODFL,True,True,198.06,1.6,-1.28,-14.29,0.937,0.807,2.32,58.24,1,3,-6.62,-5.45,2.32,58.24,1,3,-6.62,-5.45,2.32,101.91,1,6,-5.6,-5.45,2.58,101.91,13,6,-5.6,1.83,4.08,101.91,15,6,-5.6,71.04,41.348644,41.19,4.79,Industrials,1.172,35.29,1.17
2026-05-07,TYL,True,False,331.08,0.35,3.25,-14.36,0.989,0.698,3.25,11.9,0,3,-2.46,-14.36,3.25,34.13,0,5,-4.18,-14.36,4.57,36.57,6,8,-1.3,20.98,4.57,46.88,6,12,-1.29,20.98,4.75,46.88,16,12,-1.29,-26.37,45.666206,13.96,7.25,Technology,0.864,57.72,0.79
2026-05-07,WDC,True,True,463.91,7.13,-3.98,-14.45,1.163,0.935,5.18,-3.75,2,2,5.18,-3.75,5.27,32.35,5,4,-0.69,11.88,5.57,43.55,6,6,5.57,43.55,5.57,43.55,6,6,5.57,43.55,5.57,43.55,6,6,5.57,43.55,27.779041,159.9,16.7,Technology,2.158,57.72,0.48
2026-05-07,MPC,True,False,242.26,2.28,-1.43,-14.49,1.047,1.054,3.16,25.78,2,3,2.6,7.92,3.16,25.78,2,3,2.6,7.92,3.96,39.55,6,6,3.96,39.55,3.96,52.78,6,11,0.78,39.55,3.96,83.76,6,14,-5.55,39.55,15.94865,70.72,15.19,Energy,0.53,31.63,0.5
2026-05-07,CMI,True,False,682.88,1.11,-4.59,-14.59,1.06,1.315,6.06,74.59,1,3,-0.11,-10.84,6.06,74.59,1,3,-0.11,-10.84,6.06,74.59,1,3,-0.11,-10.84,6.06,74.59,1,3,-0.11,-10.84,6.06,74.59,1,3,-0.11,-10.84,35.474285,94.23,19.25,Industrials,1.268,35.29,1.01
2026-05-07,SNPS,True,True,505.19,1.59,0.15,-14.63,1.086,0.916,1.73,94.17,3,3,1.73,94.17,1.73,94.17,3,3,1.73,94.17,1.73,94.17,3,3,1.73,94.17,9.62,94.17,9,3,1.73,55.1,9.62,94.17,9,3,1.73,55.1,77.60215,96.78,6.51,Technology,1.245,57.72,1.34
2026-05-07,EXE,True,False,97.42,2.93,0.51,-14.79,0.997,0.908,0.65,50.88,3,1,-2.84,-10.9,1.15,50.88,5,1,-2.84,-26.63,4.16,91.14,6,6,4.16,91.14,4.16,91.14,6,6,4.16,91.14,4.16,91.14,6,6,4.16,91.14,7.248512,23.31,13.44,Energy,0.352,31.63,0.23
2026-05-07,FCX,True,False,60.61,15.04,-0.46,-14.82,0.955,0.946,5.57,27.37,1,1,5.57,27.37,5.57,41.39,1,5,1.49,27.37,5.57,41.39,1,5,1.49,27.37,5.57,172.8,1,10,-12.62,27.37,5.57,172.8,1,10,-12.62,27.37,32.068783,87.13,1.89,Basic Materials,1.316,32.37,0.99
2026-05-07,AMT,True,False,179.77,1.8,-0.22,-14.88,1.006,0.654,1.15,38.06,1,2,-1.53,-5.71,2.54,38.06,5,2,-1.53,8.34,2.54,47.2,5,7,1.77,8.34,2.54,47.2,5,7,1.77,8.34,2.54,145.76,5,14,2.11,8.34,28.995163,83.75,6.2,Real Estate,0.9,58.35,0.5
2026-05-07,AZO,True,False,3554.88,0.2,0.37,-14.89,1.0,0.84,1.69,26.27,2,2,1.69,26.27,5.12,49.15,5,5,5.12,49.15,5.12,49.15,5,5,5.12,49.15,5.12,49.15,5,5,5.12,49.15,5.12,49.15,5,5,5.12,49.15,24.937775,58.9,142.55,Consumer Cyclical,0.436,43.03,0.58
2026-05-07,JNJ,True,False,222.51,6.77,-0.94,-15.17,0.965,0.872,0.6,43.65,2,1,-0.41,-32.36,1.1,43.65,5,1,-0.41,15.36,1.1,43.65,5,1,-0.41,15.36,2.01,49.56,10,12,-1.96,-21.17,2.01,49.56,10,12,-1.96,-21.17,25.783314,535.63,8.63,Healthcare,0.263,29.02,0.89
2026-05-07,VLO,True,False,236.35,3.76,-0.14,-15.38,0.988,1.228,1.93,57.07,3,1,-6.61,14.66,1.93,57.07,3,1,-6.61,14.66,4.59,57.07,6,1,-6.61,45.3,4.59,57.07,6,1,-6.61,45.3,4.59,263.03,6,14,-7.48,45.3,17.277046,70.18,13.68,Energy,0.571,31.63,0.55
2026-05-07,LIN,True,True,493.85,1.94,-1.6,-15.4,0.984,0.978,1.37,20.31,2,1,0.32,-20.93,1.37,110.89,2,5,-0.71,-20.93,1.37,110.89,2,5,-0.71,-20.93,2.72,110.89,10,5,-0.71,10.41,2.72,110.89,10,5,-0.71,10.41,32.792164,228.33,15.06,Basic Materials,0.74,32.37,1.01
2026-05-07,ABT,True,False,87.01,10.53,0.82,-15.44,0.929,0.772,0.82,16.78,0,2,-0.42,-15.44,0.82,118.14,0,5,-0.59,-15.44,1.83,118.14,8,5,-0.59,18.76,1.83,118.14,8,5,-0.59,18.76,1.83,119.57,8,15,-6.0,18.76,24.372551,151.56,3.57,Healthcare,0.647,29.02,0.84
2026-05-07,BMY,True,False,56.25,8.8,-0.6,-15.7,0.964,0.887,-0.6,19.79,0,2,-0.75,-15.7,5.21,162.93,5,5,5.21,162.93,5.21,162.93,5,5,5.21,162.93,5.21,162.93,5,5,5.21,162.93,5.21,162.93,5,5,5.21,162.93,15.756303,114.87,3.57,Healthcare,0.259,29.02,0.54
2026-05-07,ITW,True,False,255.53,1.07,-1.92,-15.89,0.961,0.804,2.35,23.56,1,1,2.35,23.56,2.35,110.28,1,5,-2.88,23.56,2.35,110.28,1,5,-2.88,23.56,2.35,110.28,1,5,-2.88,23.56,2.5,110.28,14,5,-2.88,49.96,23.74814,73.64,10.76,Industrials,1.055,35.29,0.67
2026-05-07,TRMB,True,False,61.85,3.71,-2.48,-16.08,0.923,2.071,0.15,166.19,3,1,-7.24,-14.03,1.63,166.19,4,1,-7.24,19.4,1.63,166.19,4,1,-7.24,19.4,1.63,166.19,4,1,-7.24,19.4,3.27,166.19,18,1,-7.24,18.31,32.3822,14.42,1.91,Technology,,57.72,0.56
2026-05-07,ARM,False,True,213.31,21.99,-10.11,-16.3,1.122,2.159,13.63,229.69,1,1,13.63,229.69,13.63,229.69,1,1,13.63,229.69,13.63,229.69,1,1,13.63,229.69,14.76,229.69,9,1,13.63,21.52,14.76,229.69,9,1,13.63,21.52,250.95293,226.96,0.85,Technology,3.406,57.72,4.35
2026-05-07,DECK,True,False,102.72,1.79,-1.15,-16.32,0.968,1.125,5.46,29.6,1,3,-3.2,-4.63,5.46,29.6,1,3,-3.2,-4.63,5.46,84.51,1,6,-4.56,-4.63,5.46,84.51,1,6,-4.56,-4.63,5.46,84.51,1,6,-4.56,-4.63,14.590909,14.58,7.04,Consumer Cyclical,1.141,43.03,0.34
2026-05-07,INCY,True,False,97.77,0.98,-2.08,-16.47,1.01,0.698,2.44,13.55,1,1,2.44,13.55,2.44,13.55,1,1,2.44,13.55,2.44,92.33,1,8,1.13,13.55,2.44,92.33,1,8,1.13,13.55,2.62,92.33,14,8,1.13,-5.36,13.809321,19.53,7.08,Healthcare,0.797,29.02,0.48
2026-05-07,KR,True,False,66.41,3.74,0.61,-16.7,0.982,0.837,0.61,33.01,0,1,-1.36,-16.7,1.45,33.01,5,1,-1.36,2.63,1.56,33.01,7,1,-1.36,22.72,1.56,49.29,7,12,1.36,22.72,1.71,64.33,15,14,0.62,4.08,43.12338,42.03,1.54,Consumer Defensive,0.457,25.39,1.7
2026-05-07,LYB,True,False,71.51,6.21,-2.68,-16.78,0.984,0.929,2.26,61.04,2,1,-5.5,-39.64,2.26,61.04,2,1,-5.5,-39.64,2.53,139.83,6,6,2.53,139.83,4.14,139.83,12,6,2.53,28.07,4.14,139.83,12,6,2.53,28.07,,23.08,-2.12,Basic Materials,0.355,32.37,
2026-05-07,FER,False,True,70.03,1.43,-2.32,-16.86,1.0,1.07,3.0,46.53,1,1,3.0,46.53,3.0,46.53,1,1,3.0,46.53,3.0,46.53,1,1,3.0,46.53,3.0,46.53,1,1,3.0,46.53,3.0,46.53,1,1,3.0,46.53,49.316902,50.22,1.42,Industrials,0.797,35.29,1.4
2026-05-07,LVS,True,False,53.78,4.91,1.05,-16.86,0.989,1.035,1.84,18.22,1,3,-3.59,10.72,1.84,18.22,1,3,-3.59,10.72,3.14,18.22,8,3,-3.59,4.57,3.14,103.59,8,10,-8.62,4.57,3.14,103.59,8,10,-8.62,4.57,19.845018,35.64,2.71,Consumer Cyclical,0.842,43.03,0.46
2026-05-07,TXT,True,False,91.59,0.98,-1.61,-16.89,1.004,0.726,1.59,-9.27,1,1,1.59,-9.27,6.88,41.94,5,5,6.88,41.94,6.88,189.15,5,6,1.86,41.94,6.88,189.15,5,6,1.86,41.94,6.88,189.15,5,6,1.86,41.94,17.479008,15.93,5.24,Industrials,0.934,35.29,0.5
2026-05-07,WAT,True,False,350.49,1.55,0.27,-16.94,1.091,1.475,13.54,107.72,2,2,13.54,107.72,13.54,107.72,2,2,13.54,107.72,13.54,107.72,2,2,13.54,107.72,13.54,107.72,2,2,13.54,107.72,13.54,107.72,2,2,13.54,107.72,44.648407,34.41,7.85,Healthcare,1.141,29.02,1.54
2026-05-07,PH,True,False,886.85,0.75,-1.75,-17.34,0.935,1.022,3.43,25.73,1,1,3.43,25.73,3.43,180.77,1,5,-4.02,25.73,3.43,180.77,1,5,-4.02,25.73,3.43,180.77,1,5,-4.02,25.73,3.43,180.77,1,5,-4.02,25.73,32.67686,111.82,27.14,Industrials,1.182,35.29,0.93
2026-05-07,MU,True,True,646.63,46.04,-2.99,-17.38,1.281,1.115,11.06,39.58,2,2,11.06,39.58,11.06,39.58,2,2,11.06,39.58,11.06,39.58,2,2,11.06,39.58,11.06,65.85,2,11,8.48,39.58,11.06,65.85,2,11,8.48,39.58,30.501413,729.23,21.2,Technology,1.919,57.72,0.53
2026-05-07,REGN,True,True,709.1,0.61,-1.66,-17.44,0.964,0.825,2.67,15.99,1,2,-0.98,15.12,3.02,15.99,5,2,-0.98,-40.25,3.02,222.5,5,6,-6.21,-40.25,3.02,222.5,5,6,-6.21,-40.25,3.02,222.5,5,6,-6.21,-40.25,17.312012,74.34,40.96,Healthcare,0.296,29.02,0.6
2026-05-07,HON,True,True,216.07,3.55,-0.36,-17.46,0.977,0.943,3.73,61.84,1,1,3.73,61.84,3.73,61.84,1,1,3.73,61.84,3.73,61.84,1,1,3.73,61.84,3.73,79.39,1,10,-2.56,61.84,3.73,79.39,1,10,-2.56,61.84,34.460926,136.91,6.27,Industrials,0.811,35.29,0.98
2026-05-07,PEP,True,True,156.29,4.36,0.21,-17.7,1.001,0.753,0.59,19.87,1,3,-1.79,-14.57,2.06,74.55,5,5,2.06,74.55,2.06,74.55,5,5,2.06,74.55,2.06,74.55,5,5,2.06,74.55,2.28,74.55,15,5,2.06,35.62,24.496864,213.64,6.38,Consumer Defensive,0.394,25.39,0.96
2026-05-07,PCAR,True,True,114.05,2.36,-2.11,-17.9,0.931,0.795,2.72,8.99,1,1,2.72,8.99,2.72,8.99,1,1,2.72,8.99,2.72,53.51,1,7,-5.97,8.99,2.72,53.51,1,7,-5.97,8.99,2.72,53.51,1,7,-5.97,8.99,24.265959,60.02,4.7,Industrials,1.03,35.29,0.69
2026-05-07,RCL,True,False,280.87,3.02,-2.16,-17.95,1.037,1.103,8.75,107.21,1,1,8.75,107.21,8.75,107.21,1,1,8.75,107.21,8.75,107.21,1,1,8.75,107.21,8.75,107.21,1,1,8.75,107.21,8.75,107.21,1,1,8.75,107.21,17.13667,75.33,16.39,Consumer Cyclical,1.777,43.03,0.4
2026-05-07,STX,True,True,766.44,4.57,-2.54,-18.08,1.259,1.006,4.4,8.31,2,2,4.4,8.31,7.91,13.88,4,4,7.91,13.88,11.1,104.03,6,7,-2.82,82.93,11.1,104.03,6,7,-2.82,82.93,11.1,104.03,6,7,-2.82,82.93,72.442345,171.86,10.58,Technology,2.009,57.72,1.26
2026-05-07,MTD,True,False,1319.29,0.15,-0.58,-18.3,1.014,1.137,3.32,61.93,2,1,1.89,56.79,3.32,61.93,2,1,1.89,56.79,3.32,61.93,2,1,1.89,56.79,3.32,61.93,2,1,1.89,56.79,3.85,61.93,14,1,1.89,-31.44,30.96198,26.71,42.61,Healthcare,1.312,29.02,1.07
2026-05-07,TDY,True,False,630.78,0.23,-2.07,-18.58,0.98,0.647,1.94,22.75,1,1,1.94,22.75,2.42,25.73,5,5,2.42,25.73,2.42,25.73,5,5,2.42,25.73,2.42,40.85,5,11,2.16,25.73,2.42,45.43,5,16,-1.98,25.73,31.954409,29.22,19.74,Technology,0.969,57.72,0.55
2026-05-07,DXCM,True,True,60.91,4.8,0.91,-18.69,0.986,0.955,1.48,6.82,1,1,1.48,6.82,3.46,97.69,5,4,3.02,-18.53,3.46,97.69,5,4,3.02,-18.53,3.46,97.69,5,4,3.02,-18.53,4.49,170.58,14,18,-1.41,36.26,26.141632,23.5,2.33,Healthcare,1.398,29.02,0.9
2026-05-07,AWK,True,False,126.2,1.35,0.41,-18.89,0.961,0.721,0.41,18.9,0,1,-0.29,-18.89,0.41,67.05,0,5,-2.69,-18.89,0.54,67.05,7,5,-2.69,-7.66,2.93,67.05,10,5,-2.69,9.63,2.93,67.05,10,5,-2.69,9.63,22.375887,24.64,5.64,Utilities,0.634,27.12,0.83
2026-05-07,LNT,True,False,71.69,2.38,-0.86,-18.94,0.993,1.038,-0.51,-0.53,3,2,-0.83,-20.93,2.75,121.59,5,5,2.75,121.59,2.75,121.59,5,5,2.75,121.59,2.75,121.59,5,5,2.75,121.59,2.75,121.59,5,5,2.75,121.59,22.544025,18.52,3.18,Utilities,0.566,27.12,0.83
2026-05-07,BKNG,True,True,171.28,7.28,1.76,-19.47,0.965,1.036,1.76,43.71,0,2,1.24,-19.47,1.76,43.71,0,2,1.24,-19.47,1.76,90.63,0,7,-2.33,-19.47,1.98,118.9,9,11,-6.0,5.17,4.04,118.9,14,11,-6.0,34.65,22.566534,132.72,7.59,Consumer Cyclical,1.102,43.03,0.52
2026-05-07,WELL,True,False,212.95,1.86,-1.63,-20.2,1.009,0.683,1.01,56.22,1,3,0.11,-12.66,2.48,56.22,5,3,0.11,13.32,2.48,56.22,5,3,0.11,13.32,4.28,72.54,10,12,-1.46,-33.77,4.28,72.54,10,12,-1.46,-33.77,102.8744,150.32,2.07,Real Estate,0.825,58.35,1.76
2026-05-07,CRH,True,False,112.63,4.5,-1.98,-20.27,0.972,0.991,2.14,40.85,1,1,2.14,40.85,4.39,83.03,5,5,4.39,83.03,4.39,83.03,5,5,4.39,83.03,4.39,83.03,5,5,4.39,83.03,4.39,83.03,5,5,4.39,83.03,20.896105,75.26,5.39,Basic Materials,1.228,32.37,0.65
2026-05-07,INVH,True,False,28.97,4.3,0.8,-20.4,1.058,0.81,0.8,7.29,0,2,0.35,-20.4,2.49,45.83,5,5,2.49,45.83,3.34,45.83,7,5,2.49,7.95,3.34,45.83,7,5,2.49,7.95,3.34,104.55,7,15,-0.04,7.95,30.494736,17.21,0.95,Real Estate,0.859,58.35,0.52
2026-05-07,FRT,True,False,115.67,0.64,-0.94,-20.4,1.035,0.702,1.28,-3.23,1,2,0.72,-21.98,3.99,79.92,4,5,0.26,20.0,3.99,79.92,4,5,0.26,20.0,3.99,79.92,4,5,0.26,20.0,3.99,94.88,4,14,2.26,20.0,20.046793,10.05,5.77,Real Estate,0.928,58.35,0.34
2026-05-07,UHS,True,False,170.56,0.88,1.23,-20.4,0.972,1.062,1.87,10.71,1,3,-0.56,0.96,1.87,10.71,1,3,-0.56,0.96,3.34,66.67,6,8,2.96,-2.7,3.34,66.67,6,8,2.96,-2.7,3.34,66.67,6,8,2.96,-2.7,7.121503,10.41,23.95,Healthcare,1.13,29.02,0.25
2026-05-07,CEG,True,True,311.28,2.43,-3.56,-20.55,1.035,0.919,4.3,61.55,3,1,0.74,34.78,5.39,61.55,5,1,0.74,6.35,5.39,61.55,5,1,0.74,6.35,7.09,61.55,9,1,0.74,30.42,7.09,61.55,9,1,0.74,30.42,42.0081,112.78,7.41,Utilities,1.155,27.12,1.55
2026-05-07,KDP,True,True,28.52,9.38,-0.14,-20.56,1.032,0.762,0.17,33.92,2,1,-1.24,10.89,1.62,33.92,5,1,-1.24,-31.29,2.27,38.61,7,8,-3.66,-37.06,7.5,64.61,10,12,-0.23,41.53,7.5,64.61,10,12,-0.23,41.53,21.125925,38.8,1.35,Consumer Defensive,0.416,25.39,0.83
2026-05-07,PNW,True,False,99.53,0.89,-0.64,-20.64,0.978,0.815,-0.51,13.41,2,3,-0.79,-20.98,2.02,40.05,5,4,-0.17,4.55,2.02,40.05,5,4,-0.17,4.55,2.63,40.05,10,4,-0.17,-4.13,2.63,45.93,10,17,0.06,-4.13,18.569029,12.06,5.36,Utilities,0.455,27.12,0.68
2026-05-07,CBRE,True,False,146.7,1.39,1.06,-20.73,1.003,0.748,1.82,45.96,1,1,1.82,45.96,1.82,45.96,1,1,1.82,45.96,1.82,84.96,1,6,-3.01,45.96,2.45,84.96,11,6,-3.01,28.19,3.34,84.96,18,6,-3.01,7.15,33.41686,42.96,4.39,Real Estate,1.278,58.35,0.57
2026-05-07,BBY,True,False,58.54,2.28,-0.26,-20.98,0.951,0.705,2.48,23.76,1,2,-0.64,-20.42,3.0,23.76,5,2,-0.64,-3.67,3.0,23.76,5,2,-0.64,-3.67,3.0,80.95,5,11,-4.6,-3.67,3.0,97.7,5,18,-2.44,-3.67,11.61508,12.33,5.04,Consumer Cyclical,1.247,43.03,0.27
2026-05-07,XEL,True,True,80.43,5.29,-0.15,-21.07,1.0,1.092,0.34,39.68,2,2,0.34,39.68,5.24,144.84,5,5,5.24,144.84,5.24,144.84,5,5,5.24,144.84,5.24,144.84,5,5,5.24,144.84,5.24,144.84,5,5,5.24,144.84,23.178675,50.21,3.47,Utilities,0.421,27.12,0.85
2026-05-07,PTC,True,False,147.65,3.24,7.95,-21.11,1.071,2.241,7.95,251.53,0,1,-0.57,-21.11,7.95,251.53,0,1,-0.57,-21.11,7.95,251.53,0,1,-0.57,-21.11,7.95,251.53,0,1,-0.57,-21.11,7.95,251.53,0,1,-0.57,-21.11,14.183477,17.05,10.41,Technology,0.978,57.72,0.25
2026-05-07,BRK-B,True,False,475.08,4.48,1.12,-21.41,1.003,0.9,1.12,43.11,0,3,-0.95,-21.41,1.12,60.89,0,5,-0.37,-21.41,1.13,60.89,7,5,-0.37,0.29,1.13,60.89,7,5,-0.37,0.29,1.13,60.89,7,5,-0.37,0.29,14.143495,1024.68,33.59,Financial Services,0.622,20.15,0.7
2026-05-07,EXC,True,True,44.41,9.05,-1.35,-21.5,0.947,1.032,0.24,45.26,3,2,-0.92,-3.44,1.11,80.93,4,5,-2.19,-62.88,1.11,153.03,4,6,-0.04,-62.88,1.94,153.03,10,6,-0.04,-14.82,1.94,153.03,10,6,-0.04,-14.82,16.267399,45.44,2.73,Utilities,,27.12,0.6
2026-05-07,COP,True,False,114.88,10.32,-3.38,-21.74,0.944,1.138,1.4,81.6,3,1,-3.58,0.12,1.4,81.6,3,1,-3.58,0.12,3.16,81.6,6,1,-3.58,33.64,3.27,81.6,12,1,-3.58,32.89,3.27,81.6,12,1,-3.58,32.89,19.471186,139.96,5.9,Energy,0.149,31.63,0.62
2026-05-07,SYF,True,False,74.0,2.95,-1.53,-22.08,0.982,0.781,1.86,17.71,1,2,-0.22,1.59,1.86,23.82,1,5,1.44,1.59,1.86,23.82,1,5,1.44,1.59,1.86,65.61,1,12,-1.21,1.59,4.22,65.61,14,12,-1.21,51.49,7.6604557,24.89,9.66,Financial Services,1.362,20.15,0.38
2026-05-07,COF,True,False,192.59,3.43,-0.42,-22.16,0.982,0.849,1.96,13.99,1,1,1.96,13.99,1.96,48.03,1,5,0.24,13.99,1.96,48.03,1,5,0.24,13.99,1.96,48.03,1,5,0.24,13.99,2.87,73.79,14,14,2.87,73.79,59.25846,122.14,3.25,Financial Services,1.05,20.15,2.94
2026-05-07,IT,True,False,157.78,2.0,4.46,-22.24,1.042,1.329,4.46,52.78,0,3,0.89,-22.24,4.46,80.31,0,5,-1.16,-22.24,4.46,80.31,0,5,-1.16,-22.24,4.46,80.31,0,5,-1.16,-22.24,7.31,80.31,18,5,-1.16,4.15,15.606331,10.56,10.11,Technology,0.909,57.72,0.27
2026-05-07,MSI,True,False,433.2,1.12,-0.11,-22.25,0.988,1.284,0.39,69.24,3,1,-0.99,20.74,2.28,69.24,5,1,-0.99,25.23,2.28,69.24,5,1,-0.99,25.23,2.28,69.24,5,1,-0.99,25.23,2.28,105.28,5,14,-0.56,25.23,34.96368,72.0,12.39,Technology,0.935,57.72,0.61
2026-05-07,WTW,True,False,258.07,0.99,2.24,-22.4,0.917,1.177,2.24,21.47,0,1,-2.72,-22.4,2.24,115.4,0,5,-11.69,-22.4,2.24,115.4,0,5,-11.69,-22.4,2.24,115.4,0,5,-11.69,-22.4,2.78,115.4,18,5,-11.69,-11.72,15.153846,24.37,17.03,Financial Services,0.453,20.15,0.75
2026-05-07,V,True,False,321.28,6.06,0.78,-22.42,1.017,0.859,0.78,32.5,0,1,-1.0,-22.42,0.78,32.5,0,1,-1.0,-22.42,8.26,88.45,6,6,8.26,88.45,8.26,88.45,6,6,8.26,88.45,8.26,88.45,6,6,8.26,88.45,28.010462,610.99,11.47,Financial Services,0.784,20.15,1.39
2026-05-07,IEX,True,False,214.87,0.57,-1.52,-22.52,1.033,0.793,1.13,43.7,1,1,1.13,43.7,1.13,43.7,1,1,1.13,43.7,5.83,85.52,6,6,5.83,85.52,5.83,85.52,6,6,5.83,85.52,5.83,85.52,6,6,5.83,85.52,31.738552,15.9,6.77,Industrials,1.014,35.29,0.9
2026-05-07,VRSN,True,False,278.47,0.79,0.98,-22.56,1.024,0.942,0.98,93.97,0,1,-0.0,-22.56,1.41,93.97,4,1,-0.0,-26.46,1.41,93.97,4,1,-0.0,-26.46,2.64,93.97,10,1,-0.0,38.69,4.49,93.97,18,1,-0.0,0.76,30.770164,25.34,9.05,Technology,0.681,57.72,0.53
2026-05-07,VRTX,True,True,425.0,0.93,-0.62,-22.57,0.981,0.852,1.4,78.05,3,3,1.4,78.05,1.4,78.05,3,3,1.4,78.05,1.4,78.05,3,3,1.4,78.05,1.4,78.05,3,3,1.4,78.05,1.4,78.05,3,3,1.4,78.05,25.252525,107.87,16.83,Healthcare,0.301,29.02,0.87
2026-05-07,ULTA,True,False,526.53,0.53,-1.6,-22.77,0.973,0.807,2.81,91.09,2,3,-2.62,-25.61,2.81,91.09,2,3,-2.62,-25.61,2.81,168.9,2,8,-3.38,-25.61,3.41,168.9,13,8,-3.38,-28.36,3.41,168.9,13,8,-3.38,-28.36,20.535494,23.03,25.64,Consumer Cyclical,0.891,43.03,0.48
2026-05-07,CDNS,True,True,356.9,1.87,0.56,-22.93,1.11,0.697,2.51,72.66,3,3,2.51,72.66,3.44,72.66,4,3,2.51,-12.13,3.44,72.66,4,3,2.51,-12.13,5.9,72.66,9,3,2.51,43.06,8.48,72.66,18,3,2.51,-24.16,83.38785,98.44,4.28,Technology,1.131,57.72,1.44
2026-05-07,MO,True,False,69.04,8.58,-1.61,-22.95,1.018,0.913,-0.84,3.78,2,1,-3.6,-5.33,6.52,105.39,5,5,6.52,105.39,6.52,105.39,5,5,6.52,105.39,6.52,105.39,5,5,6.52,105.39,6.52,105.39,5,5,6.52,105.39,14.413362,115.29,4.79,Consumer Defensive,0.519,25.39,0.57
2026-05-07,ISRG,True,True,453.49,1.53,0.39,-22.98,0.981,0.682,0.39,64.24,0,2,-0.21,-22.98,0.83,64.24,5,2,-0.21,-2.87,0.83,64.24,5,2,-0.21,-2.87,7.16,64.24,11,2,-0.21,31.31,7.16,64.24,11,2,-0.21,31.31,55.236298,160.61,8.21,Healthcare,1.509,29.02,1.9
2026-05-07,BAC,True,False,52.75,21.2,-1.59,-23.01,0.993,0.655,1.78,72.93,2,3,-1.97,-33.71,1.78,72.93,2,3,-1.97,-33.71,1.78,72.93,2,3,-1.97,-33.71,1.78,72.93,2,3,-1.97,-33.71,1.82,72.93,16,3,-1.97,58.89,13.08933,374.35,4.03,Financial Services,1.221,20.15,0.65
2026-05-07,UNH,True,False,369.74,5.15,0.67,-23.07,1.074,0.639,0.94,31.97,1,2,-1.86,3.18,0.94,31.97,1,2,-1.86,3.18,3.41,46.14,7,7,3.41,46.14,6.96,188.35,12,12,6.96,188.35,6.96,188.35,12,12,6.96,188.35,27.862846,335.78,13.27,Healthcare,0.646,29.02,0.96
2026-05-07,EQIX,True,False,1066.76,0.42,-1.95,-23.57,0.989,0.763,0.88,41.37,1,1,0.88,41.37,0.88,60.07,1,5,-0.57,41.37,1.18,60.07,6,5,-0.57,-16.62,1.41,60.07,13,5,-0.57,-19.37,2.58,60.07,18,5,-0.57,31.48,73.51895,105.21,14.51,Real Estate,0.997,58.35,1.26
2026-05-07,AMZN,True,True,271.17,33.99,-1.39,-23.7,1.056,0.669,1.41,6.31,3,1,0.53,-3.43,1.41,39.53,3,5,0.77,-3.43,1.41,71.47,3,6,1.29,-3.43,3.49,71.47,9,6,1.29,37.57,3.81,72.38,17,17,3.81,72.38,32.47545,2917.01,8.35,Consumer Cyclical,1.468,43.03,0.75
2026-05-07,DAL,True,False,73.11,7.25,-0.31,-23.7,1.052,0.806,3.5,15.24,1,1,3.5,15.24,3.5,45.08,1,4,1.46,15.24,3.5,45.08,1,4,1.46,15.24,3.5,45.08,1,4,1.46,15.24,6.94,88.82,17,17,6.94,88.82,10.672993,48.03,6.85,Industrials,1.252,35.29,0.3
2026-05-07,EBAY,True,False,106.42,5.68,-1.6,-23.81,1.036,0.846,5.05,64.03,3,3,5.05,64.03,5.05,79.33,3,5,-0.3,64.03,5.05,79.33,3,5,-0.3,64.03,5.05,79.33,3,5,-0.3,64.03,5.05,79.33,3,5,-0.3,64.03,24.577368,47.25,4.33,Consumer Cyclical,1.385,43.03,0.57
2026-05-07,INTC,True,True,109.62,119.37,-3.0,-24.13,1.365,0.839,12.92,66.38,2,2,12.92,66.38,12.92,66.38,2,2,12.92,66.38,12.92,66.38,2,2,12.92,66.38,23.6,81.39,9,9,23.6,81.39,23.6,81.39,9,9,23.6,81.39,,550.95,-0.6,Technology,2.19,57.72,
2026-05-07,SPG,True,False,201.4,0.86,-2.0,-24.21,0.995,0.706,1.58,16.77,1,1,1.58,16.77,1.81,32.83,5,5,1.81,32.83,1.81,33.76,5,8,0.06,32.83,1.81,37.52,5,12,-1.35,32.83,2.42,64.98,14,17,1.12,-6.27,14.203102,76.66,14.18,Real Estate,1.363,58.35,0.24
2026-05-07,WAB,True,False,265.58,0.84,-1.82,-24.24,1.003,0.796,2.68,65.55,1,1,2.68,65.55,3.26,65.55,5,1,2.68,-18.24,3.26,74.99,5,6,-0.69,-18.24,3.26,74.99,5,6,-0.69,-18.24,3.26,74.99,5,6,-0.69,-18.24,37.61756,45.06,7.06,Industrials,0.97,35.29,1.07
2026-05-07,ZBH,True,False,83.37,1.8,0.65,-24.29,0.932,0.69,0.65,48.05,0,1,-0.22,-24.29,2.95,48.05,5,1,-0.22,-20.47,2.95,292.35,5,7,-10.57,-20.47,2.95,292.35,5,7,-10.57,-20.47,2.95,292.35,5,7,-10.57,-20.47,21.598448,16.13,3.86,Healthcare,0.473,29.02,0.74
2026-05-07,SPGI,True,False,428.68,1.49,1.21,-24.76,0.992,0.826,1.21,49.61,0,2,-0.21,-24.76,1.21,49.61,0,2,-0.21,-24.76,1.21,49.61,0,2,-0.21,-24.76,1.21,49.61,0,2,-0.21,-24.76,3.53,49.61,18,2,-0.21,-11.79,27.097345,126.89,15.82,Financial Services,1.105,20.15,1.34
2026-05-07,CHTR,True,True,160.24,2.21,2.38,-25.16,0.799,0.633,2.38,0.96,0,1,-1.08,-25.16,4.11,9.17,5,5,4.11,9.17,4.11,17.6,5,6,-8.35,9.17,4.11,269.13,5,9,-25.5,9.17,7.12,269.13,15,9,-25.5,1.5,4.3343253,22.62,36.97,Communication Services,0.757,44.1,0.1
2026-05-07,ASML,False,True,1516.6,1.72,-1.82,-25.66,1.045,0.952,7.06,148.3,1,3,-2.86,42.62,7.06,148.3,1,3,-2.86,42.62,7.06,148.3,1,3,-2.86,42.62,7.06,148.3,1,3,-2.86,42.62,7.06,148.3,1,3,-2.86,42.62,50.003296,584.52,30.33,Technology,1.373,57.72,0.87
2026-05-07,HUBB,True,False,493.04,0.59,-1.85,-25.71,0.926,0.993,1.49,17.31,3,2,-1.59,-9.45,1.49,142.19,3,5,-6.92,-9.45,1.49,142.19,3,5,-6.92,-9.45,1.99,142.19,13,5,-6.92,-30.33,2.66,142.19,14,5,-6.92,22.39,29.122269,26.05,16.93,Industrials,0.949,35.29,0.83
2026-05-07,SNDK,True,True,1339.96,15.65,-4.97,-25.88,1.286,0.968,11.98,15.77,2,2,11.98,15.77,11.98,53.28,2,4,8.25,15.77,11.98,53.28,2,4,8.25,15.77,11.98,53.28,2,4,8.25,15.77,11.98,85.21,2,14,0.17,15.77,45.873333,198.43,29.21,Technology,,57.72,0.79
2026-05-07,GRMN,True,False,241.9,0.61,-0.38,-25.97,0.947,0.783,3.49,50.55,1,2,-1.66,-11.85,3.49,50.55,1,2,-1.66,-11.85,3.49,50.55,1,2,-1.66,-11.85,3.49,50.55,1,2,-1.66,-11.85,3.49,50.55,1,2,-1.66,-11.85,26.997766,46.65,8.96,Technology,0.956,57.72,0.47
2026-05-07,GPN,True,False,70.13,4.25,0.72,-26.02,1.005,1.363,0.72,44.37,0,2,-3.25,-26.02,1.39,44.37,5,2,-3.25,36.44,4.54,158.78,6,6,4.54,158.78,4.54,158.78,6,6,4.54,158.78,4.54,158.78,6,6,4.54,158.78,29.099583,19.17,2.41,Industrials,,35.29,0.82
2026-05-07,CMS,True,False,73.96,2.35,-0.12,-26.11,0.966,0.777,-0.12,37.11,0,1,-1.17,-26.11,2.69,37.11,5,1,-1.17,4.61,2.69,37.11,5,1,-1.17,4.61,2.69,39.76,5,10,2.19,4.61,2.69,39.76,5,10,2.19,4.61,20.430939,22.85,3.62,Utilities,0.371,27.12,0.75
2026-05-07,ACN,True,False,180.19,5.02,3.22,-26.3,0.976,0.958,3.22,64.13,0,3,0.16,-26.3,3.22,64.13,0,3,0.16,-26.3,3.22,64.13,0,3,0.16,-26.3,3.22,80.98,0,10,-6.22,-26.3,6.92,80.98,18,10,-6.22,-7.98,14.769672,110.9,12.2,Technology,1.071,57.72,0.26
2026-05-07,AEP,True,True,131.76,3.11,-0.6,-26.84,0.979,1.131,1.77,38.68,2,3,-1.64,23.04,1.99,38.68,5,3,-1.64,26.73,1.99,42.98,5,8,0.25,26.73,2.63,42.98,10,8,0.25,-10.64,2.63,42.98,10,8,0.25,-10.64,19.491123,71.69,6.76,Utilities,0.552,27.12,0.72
2026-05-07,CB,True,False,321.28,0.97,-0.19,-27.04,0.982,0.589,-0.19,30.91,0,3,-0.34,-27.04,0.38,30.91,5,3,-0.34,13.79,1.77,38.78,7,6,-1.39,5.53,2.29,62.71,10,12,-0.21,-16.3,2.29,62.71,10,12,-0.21,-16.3,11.364697,124.61,28.27,Financial Services,0.44,20.15,0.56
2026-05-07,IQV,True,False,178.64,1.34,1.23,-27.08,1.057,0.772,9.62,105.47,2,3,2.01,33.45,9.62,105.47,2,3,2.01,33.45,9.62,105.47,2,3,2.01,33.45,9.62,105.47,2,3,2.01,33.45,9.62,105.47,2,3,2.01,33.45,22.16377,29.82,8.06,Healthcare,1.179,29.02,0.76
2026-05-07,PG,True,False,146.06,6.85,-1.24,-27.16,1.007,0.784,2.07,41.5,1,3,-2.61,22.64,2.07,41.5,1,3,-2.61,22.64,2.07,41.5,1,3,-2.61,22.64,2.46,56.0,9,10,2.0,22.12,2.67,56.7,14,14,2.67,56.7,21.3538,340.12,6.84,Consumer Defensive,0.398,25.39,0.84
2026-05-07,LITE,True,False,892.58,7.2,-5.48,-27.24,1.006,1.246,2.76,50.3,3,1,-5.06,14.06,5.28,50.3,4,1,-5.06,-22.34,8.46,50.3,6,1,-5.06,11.4,8.46,71.55,6,12,-6.5,11.4,8.46,71.55,6,12,-6.5,11.4,156.31874,69.44,5.71,Technology,1.533,57.72,2.71
2026-05-07,VRSK,True,True,174.69,1.6,2.19,-27.47,0.989,0.757,2.19,20.93,0,2,0.99,-27.47,2.19,20.93,0,2,0.99,-27.47,6.53,59.24,6,6,6.53,59.24,6.53,59.24,6,6,6.53,59.24,6.53,59.24,6,6,6.53,59.24,26.670229,22.89,6.55,Industrials,0.726,35.29,0.76
2026-05-07,MRSH,True,False,166.03,2.24,1.3,-27.59,0.967,0.761,1.3,33.06,0,1,-2.01,-27.59,1.3,38.18,0,5,-1.83,-27.59,1.3,79.15,0,8,0.03,-27.59,2.53,79.15,12,8,0.03,-30.73,4.39,79.15,15,8,0.03,60.2,20.75375,79.99,8.0,Financial Services,0.637,20.15,1.03
2026-05-07,DHR,True,False,175.66,4.31,0.42,-27.96,0.949,0.862,0.42,57.2,0,1,0.17,-27.96,0.42,57.2,0,1,0.17,-27.96,1.9,57.2,8,1,0.17,-16.97,1.9,72.49,8,10,-2.97,-16.97,3.3,72.49,18,10,-2.97,51.66,34.042637,124.33,5.16,Healthcare,0.841,29.02,1.17
2026-05-07,GOOGL,True,True,397.99,22.4,-0.01,-28.44,1.132,0.832,2.47,31.12,1,1,2.47,31.12,9.96,103.64,5,5,9.96,103.64,9.96,103.64,5,5,9.96,103.64,9.96,103.64,5,5,9.96,103.64,9.96,103.64,5,5,9.96,103.64,30.404123,4821.83,13.09,Communication Services,1.267,44.1,0.69
2026-05-07,KHC,True,True,23.64,18.77,2.47,-28.84,1.053,1.327,2.47,69.87,0,1,2.35,-28.84,2.47,69.87,0,1,2.35,-28.84,2.51,69.87,7,1,2.35,15.57,2.51,69.87,7,1,2.35,15.57,2.64,69.87,15,1,2.35,1.49,,28.03,-4.86,Consumer Defensive,,25.39,
2026-05-07,VZ,True,False,47.09,13.75,-0.74,-28.91,1.008,0.551,0.21,27.65,1,1,0.21,27.65,3.05,43.45,5,5,3.05,43.45,3.05,43.45,5,5,3.05,43.45,3.05,74.48,5,12,-0.37,43.45,3.89,74.48,15,12,-0.37,-0.86,11.485366,196.65,4.1,Communication Services,0.224,44.1,0.26
2026-05-07,PSX,True,False,168.31,1.69,-1.99,-28.92,1.017,0.651,1.29,40.96,3,1,-4.74,-2.59,3.26,40.96,5,1,-4.74,-3.82,5.06,40.96,6,1,-4.74,32.8,5.06,40.96,6,1,-4.74,32.8,5.06,48.93,6,14,-4.26,32.8,16.631422,67.48,10.12,Energy,0.693,31.63,0.53
2026-05-07,NRG,True,False,141.86,2.76,-5.83,-28.97,0.899,1.04,1.69,59.84,2,1,-4.31,29.11,4.41,59.84,5,1,-4.31,14.0,4.41,59.84,5,1,-4.31,14.0,4.41,59.84,5,1,-4.31,14.0,4.41,59.84,5,1,-4.31,14.0,155.8901,29.93,0.91,Utilities,1.315,27.12,5.75
2026-05-07,PYPL,True,True,46.22,14.03,-0.11,-29.2,0.941,0.994,-0.1,186.45,3,2,-7.74,55.71,0.6,186.45,4,2,-7.74,-29.99,2.62,186.45,6,2,-7.74,89.85,2.62,186.45,6,2,-7.74,89.85,5.02,186.45,18,2,-7.74,15.6,8.67167,40.77,5.33,Financial Services,1.395,20.15,0.43
2026-05-07,TSN,True,False,67.94,1.84,-0.22,-29.23,1.044,0.661,7.96,60.29,3,3,7.96,60.29,7.96,60.29,3,3,7.96,60.29,7.96,60.29,3,3,7.96,60.29,7.96,60.29,3,3,7.96,60.29,7.96,96.69,3,16,-2.43,60.29,53.496067,23.92,1.27,Consumer Defensive,0.394,25.39,2.11
2026-05-07,HCA,True,False,429.02,0.77,-0.1,-29.34,0.931,0.709,0.38,52.3,2,1,0.15,-29.09,0.38,52.3,2,1,0.15,-29.09,3.08,52.3,8,1,0.15,-56.18,3.08,212.59,8,9,-8.77,-56.18,3.08,212.59,8,9,-8.77,-56.18,14.778504,95.17,29.03,Healthcare,1.19,29.02,0.51
2026-05-07,VTR,True,False,86.55,3.2,-0.08,-29.39,1.014,0.694,-0.08,50.51,0,3,-0.26,-29.39,0.56,50.51,5,3,-0.26,-11.02,3.39,52.96,7,6,-0.23,11.51,3.53,52.96,10,6,-0.23,-27.97,3.53,138.24,10,14,-0.48,-27.97,157.36363,42.08,0.55,Real Estate,0.763,58.35,2.7
2026-05-07,LOW,True,False,230.88,2.17,-1.07,-29.74,0.959,0.859,3.61,90.4,1,3,-4.12,12.76,3.61,90.4,1,3,-4.12,12.76,3.61,90.4,1,3,-4.12,12.76,3.61,90.4,1,3,-4.12,12.76,3.84,90.4,14,3,-4.12,58.93,19.5,129.31,11.84,Consumer Cyclical,0.904,43.03,0.45
2026-05-07,MPWR,True,True,1575.96,0.6,-4.62,-29.81,1.047,0.971,4.04,32.36,1,2,0.94,25.2,5.74,56.13,5,5,5.74,56.13,5.74,56.13,5,5,5.74,56.13,5.74,56.13,5,5,5.74,56.13,5.74,56.13,5,5,5.74,56.13,112.327866,77.43,14.03,Technology,1.742,57.72,1.95
2026-05-07,NCLH,True,False,17.22,22.08,-2.99,-29.86,0.907,0.989,4.78,85.5,1,3,-8.56,-6.28,4.78,85.5,1,3,-8.56,-6.28,4.78,85.5,1,3,-8.56,-6.28,4.78,85.5,1,3,-8.56,-6.28,4.79,134.22,14,15,-5.16,42.57,13.887096,7.91,1.24,Consumer Cyclical,1.921,43.03,0.32
2026-05-07,CFG,True,False,64.22,3.57,-2.13,-30.71,0.997,0.775,1.96,39.67,1,1,1.96,39.67,1.96,39.67,1,1,1.96,39.67,1.96,52.6,1,7,0.32,39.67,2.03,52.6,13,7,0.32,-49.5,2.03,56.0,13,15,-1.2,-49.5,15.218011,27.16,4.22,Financial Services,1.041,20.15,0.76
2026-05-07,AAPL,True,True,287.44,40.41,-0.02,-30.73,1.061,0.867,2.66,18.3,2,1,1.17,5.66,3.24,205.67,4,5,0.44,-12.99,3.24,205.67,4,5,0.44,-12.99,3.24,205.67,4,5,0.44,-12.99,3.24,205.67,4,5,0.44,-12.99,34.841213,4221.73,8.25,Technology,1.065,57.72,0.6
2026-05-07,FISV,True,False,56.81,6.93,1.25,-30.84,0.937,1.166,1.25,118.47,0,2,-8.8,-30.84,1.25,118.47,0,2,-8.8,-30.84,1.25,118.47,0,2,-8.8,-30.84,1.25,118.47,0,2,-8.8,-30.84,4.81,118.47,18,2,-8.8,41.85,9.628814,30.29,,,,,
2026-05-07,NDAQ,True,False,89.0,2.73,-0.22,-30.9,1.005,0.793,0.22,96.85,1,2,-2.52,-31.24,0.7,96.85,5,2,-2.52,-0.29,0.97,96.85,7,2,-2.52,30.0,3.29,96.85,9,2,-2.52,-24.71,3.6,96.85,18,2,-2.52,-1.18,26.80723,50.33,3.32,Financial Services,0.99,20.15,1.33
2026-05-07,FOXA,True,False,62.69,2.41,0.77,-31.01,0.989,0.882,0.77,49.6,0,1,-0.03,-31.01,0.87,49.6,5,1,-0.03,26.08,1.61,49.6,8,1,-0.03,14.39,1.94,49.6,11,1,-0.03,-3.98,2.34,49.6,18,1,-0.03,-31.06,15.033572,26.67,4.17,Communication Services,0.526,44.1,0.34
2026-05-07,PEG,True,False,77.83,2.32,-1.92,-31.11,0.965,0.954,0.37,17.6,3,1,-0.48,-11.5,2.6,17.6,5,1,-0.48,9.26,2.6,113.76,5,6,-1.33,9.26,2.6,113.76,5,6,-1.33,9.26,2.6,113.76,5,6,-1.33,9.26,17.219027,38.78,4.52,Utilities,0.55,27.12,0.63
2026-05-07,APTV,True,False,57.11,3.43,0.55,-31.14,0.965,1.113,3.59,229.51,1,2,-7.9,-51.01,3.59,229.51,1,2,-7.9,-51.01,3.59,229.51,1,2,-7.9,-51.01,3.59,229.51,1,2,-7.9,-51.01,3.65,229.51,14,2,-7.9,-13.83,33.99405,12.09,1.68,Consumer Cyclical,1.308,43.03,0.79
2026-05-07,DHI,True,False,145.97,1.81,-2.15,-31.27,0.967,0.699,2.05,39.12,2,1,1.84,-16.8,2.05,39.12,2,1,1.84,-16.8,2.05,39.12,2,1,1.84,-16.8,5.78,81.75,12,12,5.78,81.75,5.78,81.75,12,12,5.78,81.75,13.693246,41.39,10.66,Consumer Cyclical,1.414,43.03,0.32
2026-05-07,RMD,True,False,206.89,1.0,-1.31,-31.31,0.942,0.758,2.15,-21.25,3,3,2.15,-21.25,2.15,65.4,3,4,-4.11,-21.25,2.15,65.4,3,4,-4.11,-21.25,2.15,65.4,3,4,-4.11,-21.25,2.15,98.1,3,16,-0.82,-21.25,19.950819,30.01,10.37,Healthcare,0.845,29.02,0.69
2026-05-07,TRV,True,False,298.94,0.77,-0.88,-31.51,0.99,0.541,0.08,19.7,1,1,0.08,19.7,0.96,19.7,5,1,0.08,-14.57,2.07,52.15,7,6,-2.51,-15.59,2.07,52.15,7,6,-2.51,-15.59,2.07,52.64,7,14,0.66,-15.59,8.920919,63.57,33.51,Financial Services,0.512,20.15,0.44
2026-05-07,GEHC,True,True,61.34,3.67,-0.64,-31.58,0.896,0.666,1.14,-5.47,1,2,0.07,-27.31,2.28,19.42,5,4,0.31,-57.27,2.4,361.51,8,6,-13.16,48.12,2.4,361.51,8,6,-13.16,48.12,2.4,361.51,8,6,-13.16,48.12,14.709832,27.9,4.17,Healthcare,0.868,29.02,0.51
2026-05-07,AMCR,True,False,39.92,5.04,-0.72,-31.99,1.004,1.185,6.83,51.76,1,3,-2.23,38.57,6.83,51.76,1,3,-2.23,38.57,6.83,51.76,1,3,-2.23,38.57,6.83,51.76,1,3,-2.23,38.57,6.83,51.76,1,3,-2.23,38.57,31.935999,18.46,1.25,Consumer Cyclical,0.633,43.03,0.74
2026-05-07,EMR,True,False,141.09,3.94,-4.66,-32.62,0.994,1.38,6.94,41.2,1,1,6.94,41.2,6.94,41.2,1,1,6.94,41.2,6.94,61.1,1,6,-1.34,41.2,6.94,61.1,1,6,-1.34,41.2,6.94,61.1,1,6,-1.34,41.2,32.65972,79.02,4.32,Industrials,1.255,35.29,0.93
2026-05-07,LUV,True,False,41.39,6.21,-0.27,-32.78,1.04,0.836,4.51,96.76,1,1,4.51,96.76,4.51,98.87,1,4,2.22,96.76,4.51,98.87,1,4,2.22,96.76,4.51,101.87,1,11,-3.84,96.76,5.09,103.12,14,17,4.59,54.49,27.593332,20.23,1.5,Industrials,1.113,35.29,0.78
2026-05-07,ADM,True,False,77.53,3.75,-0.63,-32.79,1.081,0.975,3.83,96.17,2,2,3.83,96.17,3.83,96.17,2,2,3.83,96.17,3.83,117.61,2,8,1.89,96.17,3.83,117.61,2,8,1.89,96.17,3.83,117.61,2,8,1.89,96.17,34.611607,37.37,2.24,Consumer Defensive,0.578,25.39,1.36
2026-05-07,LYV,True,False,165.75,4.39,-1.23,-32.98,1.045,1.438,6.72,87.62,1,1,6.72,87.62,6.72,87.62,1,1,6.72,87.62,6.72,87.62,1,1,6.72,87.62,6.72,87.62,1,1,6.72,87.62,6.72,262.36,1,16,-6.29,87.62,,38.57,-1.77,Communication Services,1.113,44.1,
2026-05-07,GPC,True,False,105.25,0.9,-0.23,-33.06,0.972,0.521,1.15,25.08,1,1,1.15,25.08,3.82,100.92,5,5,3.82,100.92,3.82,100.92,5,5,3.82,100.92,3.82,100.92,5,5,3.82,100.92,3.82,100.92,5,5,3.82,100.92,239.20454,14.64,0.44,Consumer Cyclical,0.709,43.03,5.56
2026-05-07,TXN,True,True,285.24,6.78,-1.45,-33.41,1.135,0.82,3.0,39.59,1,1,3.0,39.59,4.41,41.49,5,5,4.41,41.49,4.41,41.49,5,5,4.41,41.49,19.43,123.84,10,10,19.43,123.84,19.43,123.84,10,10,19.43,123.84,48.758972,259.59,5.85,Technology,1.298,57.72,0.84
2026-05-07,NFLX,True,True,88.25,27.91,-0.02,-33.44,0.922,0.656,0.43,100.4,1,2,-3.44,-19.3,1.62,100.4,5,2,-3.44,56.66,1.62,100.4,5,2,-3.44,56.66,1.62,100.4,5,2,-3.44,56.66,3.02,100.4,17,2,-3.44,55.65,28.467743,371.6,3.1,Communication Services,1.548,44.1,0.65
2026-05-07,EA,True,True,200.85,1.89,0.03,-33.52,0.992,1.177,0.03,103.11,0,1,-0.39,-33.52,0.03,103.11,0,1,-0.39,-33.52,0.07,103.11,6,1,-0.39,-22.65,0.09,103.11,12,1,-0.39,-26.44,0.23,103.11,14,1,-0.39,9.73,57.05966,50.26,3.52,Communication Services,0.656,44.1,1.29
2026-05-07,APH,True,False,136.62,6.99,-1.34,-33.68,0.939,0.866,1.3,62.61,1,2,-3.08,-9.95,1.3,62.61,1,2,-3.08,-9.95,3.24,62.61,6,2,-3.08,45.11,3.24,62.61,6,2,-3.08,45.11,3.24,62.61,6,2,-3.08,45.11,39.258617,168.07,3.48,Technology,1.297,57.72,0.68
2026-05-07,BK,True,False,130.69,2.68,-2.21,-33.78,0.985,0.696,0.97,32.13,1,2,0.36,17.71,1.59,73.62,5,5,1.59,73.62,1.59,73.62,5,5,1.59,73.62,1.88,73.62,12,5,1.59,17.75,2.18,73.62,15,5,1.59,69.62,16.21464,89.7,8.06,Financial Services,1.068,20.15,0.8
2026-05-07,EQR,True,False,65.86,1.85,-0.45,-33.8,1.042,0.691,1.55,24.65,2,2,1.55,24.65,1.55,24.65,2,2,1.55,24.65,4.54,47.75,7,7,4.54,47.75,4.54,47.75,7,7,4.54,47.75,4.54,47.75,7,7,4.54,47.75,26.344,25.44,2.5,Real Estate,0.771,58.35,0.45
2026-05-07,PHM,True,False,116.82,1.45,-2.73,-33.85,0.95,0.738,2.45,56.85,2,1,1.81,-26.71,2.45,56.85,2,1,1.81,-26.71,2.45,56.85,2,1,1.81,-26.71,2.45,56.85,2,1,1.81,-26.71,5.03,112.0,14,14,5.03,112.0,11.297873,22.25,10.34,Consumer Cyclical,1.242,43.03,0.26
2026-05-07,NVR,True,False,6008.85,0.01,-1.49,-33.88,0.92,0.589,1.59,5.98,1,1,1.59,5.98,1.75,5.98,5,1,1.59,-1.23,1.75,28.57,5,6,-3.65,-1.23,1.75,28.57,5,6,-3.65,-1.23,4.44,51.56,14,14,4.44,51.56,14.684384,16.22,409.2,Consumer Cyclical,0.952,43.03,0.34
2026-05-07,L,True,False,104.41,0.55,-0.84,-34.03,0.95,0.797,0.99,32.34,2,3,-5.86,-42.22,1.26,32.34,5,3,-5.86,14.34,1.26,42.4,5,7,1.08,14.34,1.6,42.4,10,7,1.08,-3.64,1.6,54.9,10,14,1.37,-3.64,13.283715,21.48,7.86,Financial Services,0.564,20.15,0.66
2026-05-07,UBER,True,False,76.73,23.58,-3.08,-34.11,1.023,1.438,8.53,97.74,1,2,-1.33,30.48,8.53,97.74,1,2,-1.33,30.48,8.53,97.74,1,2,-1.33,30.48,8.53,97.74,1,2,-1.33,30.48,8.53,97.74,1,2,-1.33,30.48,19.039701,156.19,4.03,Technology,,57.72,0.33
2026-05-07,URI,True,False,944.12,0.45,-2.11,-34.2,1.08,0.764,3.27,24.43,1,2,0.94,21.26,3.27,86.2,1,5,0.81,21.26,3.27,86.2,1,5,0.81,21.26,22.92,179.44,10,10,22.92,179.44,22.92,179.44,10,10,22.92,179.44,24.152468,59.15,39.09,Industrials,1.831,35.29,0.68
2026-05-07,BEN,True,False,30.52,3.36,-2.05,-34.75,1.092,0.588,2.56,82.76,2,2,2.56,82.76,2.56,82.76,2,2,2.56,82.76,6.86,82.76,7,2,2.56,51.54,6.86,82.76,7,2,2.56,51.54,6.86,82.76,7,2,2.56,51.54,23.29771,15.86,1.31,Financial Services,1.591,20.15,1.16
2026-05-07,KIM,True,False,23.53,2.8,-1.13,-34.82,0.996,0.631,1.1,23.08,1,1,1.1,23.08,1.1,32.48,1,5,0.0,23.08,1.1,32.48,1,5,0.0,23.08,1.15,32.48,10,5,0.0,30.27,1.85,32.48,14,5,0.0,-26.45,27.045979,15.87,0.87,Real Estate,0.986,58.35,0.46
2026-05-07,FANG,True,True,190.45,2.57,-2.37,-34.86,0.98,0.85,2.91,80.38,3,2,-3.51,-14.99,2.91,80.38,3,2,-3.51,-14.99,2.91,80.38,3,2,-3.51,-14.99,3.46,80.38,12,2,-3.51,-14.48,3.46,103.84,12,14,-3.42,-14.48,196.3402,53.58,0.97,Energy,0.442,31.63,6.21
2026-05-07,GOOG,True,True,395.3,15.0,0.04,-35.04,1.132,0.827,2.83,49.67,1,1,2.83,49.67,9.97,100.48,5,5,9.97,100.48,9.97,100.48,5,5,9.97,100.48,9.97,100.48,5,5,9.97,100.48,9.97,100.48,5,5,9.97,100.48,30.129572,4789.23,13.12,Communication Services,1.267,44.1,0.68
2026-05-07,TEL,True,False,210.06,1.97,-2.83,-35.17,0.945,0.718,4.46,95.82,1,1,4.46,95.82,4.46,95.82,1,1,4.46,95.82,4.46,95.82,1,1,4.46,95.82,4.46,100.23,1,11,-9.1,95.82,4.46,100.23,1,11,-9.1,95.82,21.456589,61.32,9.79,Technology,1.177,57.72,0.37
2026-05-07,BG,True,False,123.75,0.9,-1.82,-35.18,0.993,0.595,2.42,65.69,3,2,2.16,13.64,2.42,65.69,3,2,2.16,13.64,2.42,124.64,3,8,-0.69,13.64,2.75,124.64,12,8,-0.69,16.85,2.75,124.64,12,8,-0.69,16.85,32.56579,24.01,3.8,Consumer Defensive,0.627,25.39,1.28
2026-05-07,FICO,True,False,1128.39,0.28,5.75,-35.21,1.093,0.622,5.75,52.98,0,1,0.07,-35.21,5.75,52.98,0,1,0.07,-35.21,5.75,58.71,0,6,3.27,-35.21,5.75,292.93,0,11,-6.42,-35.21,8.52,292.93,18,11,-6.42,-41.43,35.71985,26.17,31.59,Technology,1.23,57.72,0.62
2026-05-07,FIS,True,False,47.25,7.25,2.78,-35.44,1.011,1.285,2.78,72.48,0,2,-1.42,-35.44,2.78,72.48,0,2,-1.42,-35.44,2.78,72.48,0,2,-1.42,-35.44,2.78,72.48,0,2,-1.42,-35.44,7.06,72.48,18,2,-1.42,15.49,64.72603,24.42,0.73,Technology,0.83,57.72,1.12
2026-05-07,F,True,False,12.18,33.56,0.08,-35.61,0.987,0.824,4.11,23.3,1,1,4.11,23.3,4.11,65.51,1,5,-1.31,23.3,4.11,65.51,1,5,-1.31,23.3,4.11,65.51,1,5,-1.31,23.3,4.52,65.51,17,5,-1.31,53.67,,48.53,-1.55,Consumer Cyclical,1.664,43.03,
2026-05-07,DOV,True,False,220.9,0.64,-2.76,-35.76,0.998,0.608,1.66,41.05,1,3,-2.18,24.67,1.87,95.51,5,5,1.87,95.51,1.87,95.51,5,5,1.87,95.51,5.54,176.66,10,10,5.54,176.66,5.54,222.84,10,14,2.29,176.66,27.6125,29.75,8.0,Industrials,1.213,35.29,0.78
2026-05-07,STE,True,False,213.7,0.4,-0.35,-35.88,0.972,0.623,0.7,8.89,1,1,0.7,8.89,1.99,17.53,5,5,1.99,17.53,1.99,64.67,5,6,-3.23,17.53,1.99,161.38,5,12,-3.07,17.53,2.65,161.38,14,12,-3.07,-27.84,29.846369,20.97,7.16,Healthcare,0.954,29.02,1.03
2026-05-07,LDOS,True,False,131.26,1.43,-2.7,-36.07,0.88,1.332,-0.28,78.08,3,3,-0.28,78.08,2.27,78.08,5,3,-0.28,8.63,2.27,78.08,5,3,-0.28,8.63,2.27,78.08,5,3,-0.28,8.63,3.08,78.08,18,3,-0.28,51.53,12.009149,16.51,10.93,Technology,0.57,57.72,0.21
2026-05-07,DGX,True,False,190.84,0.57,0.9,-36.13,0.981,0.543,0.9,46.4,0,1,-0.9,-36.13,2.58,46.4,5,1,-0.9,-20.71,2.58,53.99,5,6,-2.94,-20.71,4.45,96.41,12,13,0.66,23.51,4.45,96.41,12,13,0.66,23.51,21.087292,21.13,9.05,Healthcare,0.595,29.02,0.73
2026-05-07,GD,True,False,347.76,1.0,0.14,-36.17,1.039,0.632,0.94,34.71,3,1,-0.54,10.77,1.64,34.71,5,1,-0.54,-43.42,7.99,65.35,6,6,7.99,65.35,7.99,65.35,6,6,7.99,65.35,7.99,65.35,6,6,7.99,65.35,21.885462,94.04,15.89,Industrials,0.345,35.29,0.62
2026-05-07,JPM,True,False,306.27,5.49,-2.74,-36.4,0.985,0.706,1.78,36.61,1,1,1.78,36.61,1.78,36.61,1,1,1.78,36.61,1.78,51.96,1,8,1.09,36.61,2.16,51.96,13,8,1.09,-2.8,2.16,51.96,13,8,1.09,-2.8,14.668103,820.65,20.88,Financial Services,1.023,20.15,0.73
2026-05-07,CLX,True,False,92.11,3.15,2.33,-36.41,0.948,0.922,4.52,34.72,1,1,4.52,34.72,4.52,181.29,1,4,-9.67,34.72,4.52,181.29,1,4,-9.67,34.72,4.52,181.29,1,4,-9.67,34.72,4.52,181.29,1,4,-9.67,34.72,14.977236,11.14,6.15,Consumer Defensive,0.575,25.39,0.59
2026-05-07,CDW,True,False,110.2,4.02,1.1,-36.56,0.836,2.173,1.11,201.96,2,3,-0.54,-26.92,1.11,201.96,2,3,-0.54,-26.92,1.99,201.96,6,3,-0.54,98.03,3.33,201.96,12,3,-0.54,56.15,5.07,201.96,18,3,-0.54,18.86,13.422655,14.08,8.21,Technology,,57.72,0.23
2026-05-07,SBAC,True,False,218.62,0.54,0.08,-36.63,1.001,0.499,0.49,27.35,1,2,-0.24,7.54,2.42,40.1,5,5,2.42,40.1,2.42,44.49,5,8,-2.04,40.1,3.65,80.64,10,12,-3.32,-10.61,3.65,80.64,10,12,-3.32,-10.61,22.988432,23.19,9.51,Real Estate,1.024,58.35,0.39
2026-05-07,MCO,True,False,457.1,0.77,1.89,-36.68,1.011,0.713,1.89,45.99,0,2,1.11,-36.68,1.89,45.99,0,2,1.11,-36.68,1.89,46.01,0,8,1.03,-36.68,1.89,46.01,0,8,1.03,-36.68,2.85,65.2,18,14,1.55,-33.07,32.79053,79.84,13.94,Financial Services,1.37,20.15,1.63
2026-05-07,DE,True,False,580.54,0.62,-1.88,-36.74,0.993,0.605,2.75,13.39,1,2,-0.45,8.51,5.33,79.08,5,5,5.33,79.08,5.33,79.08,5,5,5.33,79.08,5.33,79.08,5,5,5.33,79.08,5.33,79.08,5,5,5.33,79.08,32.70648,156.81,17.75,Industrials,0.969,35.29,0.93
2026-05-07,HD,True,False,322.64,3.45,-0.13,-36.82,0.967,0.897,2.42,65.47,1,3,-3.54,-14.64,2.42,65.47,1,3,-3.54,-14.64,2.42,65.47,1,3,-3.54,-14.64,2.42,65.47,1,3,-3.54,-14.64,3.63,72.59,14,14,3.63,72.59,22.673227,321.36,14.23,Consumer Cyclical,0.999,43.03,0.53
2026-05-07,CSCO,True,True,92.16,17.04,0.57,-36.95,1.048,0.968,1.8,100.85,2,1,-2.82,6.08,2.15,100.85,5,1,-2.82,40.57,3.12,100.85,6,1,-2.82,-8.65,3.12,100.85,6,1,-2.82,-8.65,3.12,100.85,6,1,-2.82,-8.65,33.15108,364.02,2.78,Technology,0.912,57.72,0.57
2026-05-07,EL,True,False,85.29,2.35,-1.59,-37.2,1.098,0.622,4.61,-6.09,1,1,4.61,-6.09,4.61,52.06,1,5,1.35,-6.09,4.61,52.06,1,5,1.35,-6.09,4.61,52.06,1,5,1.35,-6.09,4.61,52.06,1,5,1.35,-6.09,,30.86,-0.7,Consumer Defensive,1.211,25.39,
2026-05-07,SW,True,False,41.63,3.84,-0.62,-37.21,1.021,0.717,6.02,14.87,1,3,-3.7,1.21,6.02,133.7,1,5,-3.25,1.21,6.02,133.7,1,5,-3.25,1.21,6.02,133.7,1,5,-3.25,1.21,6.02,133.7,1,5,-3.25,1.21,57.819443,21.83,0.72,Consumer Cyclical,0.939,43.03,1.34
2026-05-07,DD,True,False,48.36,3.78,-3.42,-37.26,1.033,1.128,8.43,98.12,2,2,8.43,98.12,8.43,98.12,2,2,8.43,98.12,8.43,98.12,2,2,8.43,98.12,8.43,98.12,2,2,8.43,98.12,8.43,98.12,2,2,8.43,98.12,127.26316,19.82,0.38,Basic Materials,1.056,32.37,3.93
2026-05-07,ACGL,True,False,94.52,2.15,-0.19,-37.45,0.983,0.943,0.59,32.47,1,1,0.59,32.47,1.88,32.47,5,1,0.59,14.3,1.88,68.36,5,6,-4.47,14.3,1.88,72.14,5,12,1.4,14.3,1.88,211.73,5,14,0.5,14.3,7.270769,33.02,13.0,Financial Services,0.33,20.15,0.36
2026-05-07,GM,True,False,78.41,3.39,-0.37,-37.61,1.006,0.524,3.35,8.43,1,3,-0.09,6.24,3.35,19.14,1,5,0.35,6.24,3.35,80.73,1,7,1.27,6.24,3.35,80.73,1,7,1.27,6.24,4.19,80.73,14,7,1.27,29.97,28.616789,70.7,2.74,Consumer Cyclical,1.29,43.03,0.67
2026-05-07,SWKS,True,False,65.04,6.47,0.11,-37.72,1.046,1.694,5.39,103.19,2,2,5.39,103.19,11.99,130.84,5,5,11.99,130.84,11.99,130.84,5,5,11.99,130.84,11.99,130.84,5,5,11.99,130.84,11.99,130.84,5,5,11.99,130.84,27.099998,9.78,2.4,Technology,1.476,57.72,0.47
2026-05-07,D,True,False,61.61,3.19,-0.05,-37.93,0.982,0.687,0.06,54.22,2,1,-2.14,-14.19,3.2,54.22,5,1,-2.14,10.66,3.2,65.65,5,6,-0.62,10.66,3.2,65.65,5,6,-0.62,10.66,3.2,65.65,5,6,-0.62,10.66,18.174042,54.18,3.39,Utilities,0.636,27.12,0.67
2026-05-07,DVA,True,False,196.26,1.82,1.23,-38.21,1.264,2.172,23.46,128.11,1,2,1.92,47.2,23.46,128.11,1,2,1.92,47.2,23.46,128.11,1,2,1.92,47.2,23.46,128.11,1,2,1.92,47.2,23.46,128.11,1,2,1.92,47.2,18.907515,12.6,10.38,Healthcare,0.836,29.02,0.65
2026-05-07,PODD,True,False,160.4,2.75,6.03,-38.35,0.863,1.993,6.03,202.65,0,1,-9.7,-38.35,7.57,202.65,5,1,-9.7,-37.82,7.57,241.57,5,6,-12.5,-37.82,7.57,241.57,5,6,-12.5,-37.82,7.57,241.57,5,6,-12.5,-37.82,37.47663,11.11,4.28,Healthcare,1.197,29.02,1.29
2026-05-07,DIS,True,False,108.66,14.3,0.56,-38.43,1.052,1.624,7.54,70.41,1,2,-0.82,62.21,7.54,70.41,1,2,-0.82,62.21,7.54,70.41,1,2,-0.82,62.21,7.54,70.41,1,2,-0.82,62.21,7.54,70.41,1,2,-0.82,62.21,17.385601,188.69,6.25,Communication Services,,44.1,0.39
2026-05-07,STT,True,False,148.78,1.45,-1.63,-38.43,1.005,0.636,1.72,44.16,1,1,1.72,44.16,1.72,44.16,1,1,1.72,44.16,2.18,44.16,8,1,1.72,17.76,3.27,44.16,13,1,1.72,-2.86,3.27,44.16,13,1,1.72,-2.86,15.104568,41.18,9.85,Financial Services,1.46,20.15,0.75
2026-05-07,CVS,True,False,87.36,9.29,0.58,-38.84,1.099,1.209,7.65,107.88,1,1,7.65,107.88,7.65,107.88,1,1,7.65,107.88,7.65,107.88,1,1,7.65,107.88,7.65,107.88,1,1,7.65,107.88,7.65,107.88,1,1,7.65,107.88,38.315792,111.47,2.28,Healthcare,,29.02,1.32
2026-05-07,MAR,True,True,352.05,1.21,-1.95,-38.85,0.973,0.859,2.1,92.23,2,2,2.1,92.23,2.19,92.23,5,2,2.1,59.84,2.19,92.23,5,2,2.1,59.84,2.19,92.23,5,2,2.1,59.84,4.28,92.23,14,2,2.1,33.65,36.902515,92.83,9.54,Consumer Cyclical,,43.03,0.86
2026-05-07,JCI,True,False,139.25,4.28,-2.72,-38.89,0.982,1.303,0.29,71.42,2,1,-1.16,48.8,3.31,89.37,5,5,3.31,89.37,3.31,89.37,5,5,3.31,89.37,3.31,89.37,5,5,3.31,89.37,3.31,89.37,5,5,3.31,89.37,42.5841,84.96,3.27,Industrials,,35.29,1.21
2026-05-07,JKHY,True,False,146.03,1.18,2.2,-39.01,0.962,1.245,2.2,76.93,0,1,-4.33,-39.01,2.2,76.93,0,1,-4.33,-39.01,2.2,76.93,0,1,-4.33,-39.01,2.2,92.19,0,12,1.06,-39.01,2.85,92.19,18,12,1.06,-4.5,20.95122,10.57,6.97,Technology,0.629,57.72,0.36
2026-05-07,IR,True,False,77.5,2.96,-1.46,-39.05,0.939,0.75,3.73,82.94,1,1,3.73,82.94,3.73,82.94,1,1,3.73,82.94,3.73,82.94,1,1,3.73,82.94,3.73,82.94,1,1,3.73,82.94,3.73,100.88,1,14,2.55,82.94,52.364864,30.33,1.48,Industrials,1.247,35.29,1.48
2026-05-07,TJX,True,False,154.48,4.67,-0.62,-39.07,0.977,1.091,0.32,50.94,1,2,0.21,25.47,0.44,50.94,5,2,0.21,30.1,0.44,50.94,5,2,0.21,30.1,0.44,50.94,5,2,0.21,30.1,2.03,50.94,14,2,0.21,31.2,31.72074,170.83,4.87,Consumer Cyclical,0.637,43.03,0.74
2026-05-07,UPS,True,False,100.1,4.45,0.21,-39.49,0.961,0.74,1.86,338.76,1,3,-10.47,3.22,2.05,338.76,5,3,-10.47,-2.02,2.57,338.76,6,3,-10.47,-50.43,2.57,338.76,6,3,-10.47,-50.43,2.57,338.76,6,3,-10.47,-50.43,16.19741,85.09,6.18,Industrials,1.049,35.29,0.46
2026-05-07,TDG,True,False,1241.98,0.29,0.7,-39.53,1.031,0.72,3.62,60.81,2,2,3.62,60.81,3.62,60.81,2,2,3.62,60.81,3.62,60.81,2,2,3.62,60.81,3.62,154.43,2,12,-5.41,60.81,5.15,154.43,17,12,-5.41,43.3,38.76342,69.47,32.04,Industrials,0.879,35.29,1.1
2026-05-07,MRK,True,False,112.3,4.38,-1.11,-39.58,0.978,0.468,0.85,3.28,3,2,0.04,-35.93,2.73,75.35,4,5,-1.6,-30.22,2.73,75.35,4,5,-1.6,-30.22,2.73,75.35,4,5,-1.6,-30.22,3.13,95.83,14,17,-0.16,42.06,31.633804,277.36,3.55,Healthcare,0.195,29.02,1.09
2026-05-07,GLW,True,False,182.4,19.92,0.46,-39.59,1.09,1.682,12.01,166.26,1,1,12.01,166.26,12.01,166.26,1,1,12.01,166.26,12.01,166.26,1,1,12.01,166.26,12.01,166.26,1,1,12.01,166.26,12.01,166.26,1,1,12.01,166.26,87.27273,156.98,2.09,Technology,1.136,57.72,1.51
2026-05-07,COST,True,True,1012.06,1.58,1.64,-39.73,1.011,0.89,1.64,79.85,0,1,-2.03,-39.73,1.64,79.85,0,1,-2.03,-39.73,1.64,79.85,0,1,-2.03,-39.73,1.64,79.85,0,1,-2.03,-39.73,1.64,79.85,0,1,-2.03,-39.73,52.629227,449.0,19.23,Consumer Defensive,0.908,25.39,2.07
2026-05-07,TT,True,False,469.81,1.1,-3.76,-39.74,0.985,0.832,2.25,22.41,1,2,-1.86,16.01,2.75,38.74,5,5,2.75,38.74,2.75,49.38,5,8,-0.11,38.74,2.75,49.38,5,8,-0.11,38.74,3.44,49.38,14,8,-0.11,8.67,35.918198,103.85,13.08,Industrials,1.257,35.29,1.02
2026-05-07,META,True,True,616.81,11.93,0.64,-40.1,0.951,0.742,1.31,15.98,1,1,1.31,15.98,1.31,178.48,1,5,-8.55,15.98,1.31,178.48,1,5,-8.55,15.98,2.41,178.48,9,5,-8.55,14.41,4.41,178.48,17,5,-8.55,86.79,22.4213,1565.72,27.51,Communication Services,1.243,44.1,0.51
2026-05-07,LRCX,True,True,286.52,8.84,-3.58,-40.25,1.082,0.92,7.75,82.9,1,2,6.66,24.44,7.75,82.9,1,2,6.66,24.44,7.75,82.9,1,2,6.66,24.44,7.75,82.9,1,2,6.66,24.44,7.75,82.9,1,2,6.66,24.44,54.060375,358.31,5.3,Technology,1.819,57.72,0.94
2026-05-07,PNR,True,False,78.96,1.39,-1.19,-40.44,0.916,0.673,2.66,48.08,1,1,2.66,48.08,2.66,48.08,1,1,2.66,48.08,2.66,95.33,1,7,-10.2,48.08,2.66,95.33,1,7,-10.2,48.08,2.95,95.33,14,7,-10.2,58.94,19.839195,12.76,3.98,Industrials,1.097,35.29,0.56
2026-05-07,TMUS,True,True,194.2,3.43,0.54,-40.44,1.004,0.534,0.54,66.71,0,2,-0.06,-40.44,0.54,66.71,0,2,-0.06,-40.44,6.13,66.71,6,2,-0.06,-10.91,6.13,143.61,6,12,-1.5,-10.91,6.13,143.61,6,12,-1.5,-10.91,20.615711,210.16,9.42,Communication Services,0.32,44.1,0.47
2026-05-07,MSCI,True,False,588.37,0.49,1.07,-40.9,1.018,0.801,1.07,146.24,0,2,-0.24,-40.9,1.07,146.24,0,2,-0.24,-40.9,1.07,146.24,0,2,-0.24,-40.9,5.37,146.24,12,2,-0.24,142.82,5.37,146.24,12,2,-0.24,142.82,33.563602,42.79,17.53,Financial Services,1.235,20.15,1.67
2026-05-07,SATS,True,False,122.62,3.52,-2.49,-41.18,0.983,0.698,7.17,56.56,1,1,7.17,56.56,7.17,56.56,1,1,7.17,56.56,7.17,173.49,1,6,-3.17,56.56,7.17,173.49,1,6,-3.17,56.56,7.17,173.49,1,6,-3.17,56.56,,35.54,-50.41,Communication Services,0.96,44.1,
2026-05-07,COO,True,False,61.11,1.95,-0.02,-41.34,0.925,0.921,-0.02,87.87,0,2,-0.44,-41.34,2.54,87.87,5,2,-0.44,20.64,2.54,87.87,5,2,-0.44,20.64,2.54,87.87,5,2,-0.44,20.64,2.54,87.87,5,2,-0.44,20.64,30.402985,11.92,2.01,Healthcare,0.894,29.02,1.05
2026-05-07,IBM,True,False,231.31,4.48,2.47,-41.67,0.974,0.674,2.47,81.75,0,1,-1.44,-41.67,2.47,81.75,0,1,-1.44,-41.67,2.47,81.75,0,1,-1.44,-41.67,2.47,118.27,0,11,-1.49,-41.67,3.06,118.27,18,11,-1.49,-8.86,20.45181,217.4,11.31,Technology,0.581,57.72,0.35
2026-05-07,HUM,True,False,247.12,0.9,0.32,-41.92,1.128,0.533,2.84,30.54,1,1,2.84,30.54,2.84,30.54,1,1,2.84,30.54,5.83,118.42,6,7,2.73,36.77,5.83,118.42,6,7,2.73,36.77,5.83,118.42,6,7,2.73,36.77,26.373533,29.67,9.37,Healthcare,0.683,29.02,0.91
2026-05-07,VMC,True,False,288.93,0.51,-2.3,-42.15,0.986,0.56,1.44,47.17,1,3,-3.23,29.44,1.91,47.17,5,3,-3.23,-21.64,1.91,66.49,5,8,-0.26,-21.64,1.91,66.49,5,8,-0.26,-21.64,2.08,66.49,14,8,-0.26,30.36,34.233414,37.49,8.44,Basic Materials,1.091,32.37,1.06
2026-05-07,MCK,True,False,754.76,1.66,1.49,-42.16,0.907,1.81,1.49,226.14,0,1,-7.16,-42.16,1.49,226.14,0,1,-7.16,-42.16,1.49,226.14,0,1,-7.16,-42.16,1.49,226.14,0,1,-7.16,-42.16,1.49,226.14,0,1,-7.16,-42.16,19.644978,92.45,38.42,Healthcare,0.355,29.02,0.68
2026-05-07,WEC,True,False,112.78,1.14,-1.02,-42.35,0.976,0.641,-0.87,34.61,3,2,-1.05,15.17,3.0,74.3,5,5,3.0,74.3,3.0,74.3,5,5,3.0,74.3,3.0,74.3,5,5,3.0,74.3,3.0,74.3,5,5,3.0,74.3,22.646585,36.74,4.98,Utilities,,27.12,0.84
2026-05-07,WBD,True,True,27.12,12.58,-0.29,-42.38,0.997,0.712,0.96,139.16,2,2,0.96,139.16,0.96,139.16,2,2,0.96,139.16,0.96,139.16,2,2,0.96,139.16,0.96,139.16,2,2,0.96,139.16,0.96,139.16,2,2,0.96,139.16,,67.99,-0.7,Communication Services,1.574,44.1,
2026-05-07,HLT,True,False,320.3,1.04,-0.38,-42.42,0.979,0.62,2.79,19.78,1,2,0.45,5.03,3.04,19.78,5,2,0.45,-35.33,3.04,45.93,5,8,-0.95,-35.33,3.04,45.93,5,8,-0.95,-35.33,3.22,66.34,14,14,3.22,66.34,49.050533,72.92,6.53,Consumer Cyclical,1.066,43.03,1.14
2026-05-07,ROL,True,False,54.39,1.46,0.37,-42.61,0.988,0.536,0.37,52.39,0,3,-1.15,-42.61,0.72,52.39,5,3,-1.15,33.55,0.72,52.39,5,3,-1.15,33.55,3.02,52.39,10,3,-1.15,45.31,3.02,52.39,10,3,-1.15,45.31,49.899082,26.19,1.09,Consumer Cyclical,0.792,43.03,1.16
2026-05-07,CNP,True,False,42.24,4.07,-0.21,-42.64,0.984,0.808,0.48,71.21,2,2,0.48,71.21,1.94,71.21,5,2,0.48,16.88,1.94,71.21,5,2,0.48,16.88,2.52,71.21,10,2,0.48,-15.17,2.52,71.21,10,2,0.48,-15.17,25.914112,27.63,1.63,Utilities,0.476,27.12,0.96
2026-05-07,BXP,True,False,59.46,1.26,-0.64,-42.66,1.037,0.675,2.24,42.51,1,1,2.24,42.51,2.24,42.51,1,1,2.24,42.51,2.24,42.51,1,1,2.24,42.51,2.24,42.51,1,1,2.24,42.51,3.35,49.6,14,14,3.35,49.6,29.879396,10.53,1.99,Real Estate,1.059,58.35,0.51
2026-05-07,PRU,True,False,99.44,2.13,-0.72,-42.72,1.015,0.866,2.68,98.51,2,2,2.68,98.51,2.68,98.51,2,2,2.68,98.51,2.68,98.51,2,2,2.68,98.51,2.68,207.3,2,12,-5.99,98.51,2.68,207.3,2,12,-5.99,98.51,10.240989,34.54,9.71,Financial Services,0.851,20.15,0.51
2026-05-07,GIS,True,False,35.71,7.82,1.82,-42.84,1.019,0.952,1.82,56.76,0,1,1.51,-42.84,2.44,56.76,5,1,1.51,7.23,2.44,72.11,5,7,0.09,7.23,2.44,72.11,5,7,0.09,7.23,2.44,72.11,5,7,0.09,7.23,8.7310505,19.06,4.09,Consumer Defensive,-0.034,25.39,0.34
2026-05-07,EXPD,True,False,151.86,0.79,0.41,-43.03,1.03,0.701,9.57,264.7,2,3,-5.11,-24.41,9.57,264.7,2,3,-5.11,-24.41,9.57,264.7,2,3,-5.11,-24.41,9.57,264.7,2,3,-5.11,-24.41,9.57,264.7,2,3,-5.11,-24.41,24.49355,19.86,6.2,Industrials,1.033,35.29,0.69
2026-05-07,HII,True,False,314.72,0.53,-1.51,-43.31,0.85,0.984,0.77,256.27,3,2,-10.25,-13.42,0.77,256.27,3,2,-10.25,-13.42,0.84,256.27,7,2,-10.25,-39.88,0.89,256.27,10,2,-10.25,-20.45,0.92,256.27,17,2,-10.25,-29.89,20.449642,12.4,15.39,Industrials,0.287,35.29,0.58
2026-05-07,DTE,True,False,142.0,1.42,-0.31,-43.43,0.968,0.98,-0.31,117.87,0,2,-2.2,-43.43,3.17,117.87,5,2,-2.2,43.46,3.17,117.87,5,2,-2.2,43.46,3.17,117.87,5,2,-2.2,43.46,3.17,152.13,5,18,-1.45,43.46,23.355263,29.54,6.08,Utilities,0.413,27.12,0.86
2026-05-07,MMM,True,False,143.75,2.76,-1.9,-43.71,0.974,0.723,2.6,46.97,1,3,-0.66,45.01,2.6,46.97,1,3,-0.66,45.01,2.6,46.97,1,3,-0.66,45.01,2.6,54.81,1,12,-1.94,45.01,2.66,130.92,14,14,2.66,130.92,27.697495,74.98,5.19,Industrials,1.09,35.29,0.78
2026-05-07,ROP,True,True,352.44,0.88,0.62,-44.15,0.989,0.741,0.62,95.19,0,1,-1.77,-44.15,0.96,95.19,4,1,-1.77,-22.15,0.96,95.19,4,1,-1.77,-22.15,0.96,95.19,4,1,-1.77,-22.15,3.85,95.19,18,1,-1.77,29.09,22.01374,35.57,16.01,Technology,0.803,57.72,0.38
2026-05-07,GS,True,False,925.87,1.29,-1.22,-44.21,1.007,0.673,2.01,53.81,1,1,2.01,53.81,2.01,53.81,1,1,2.01,53.81,2.01,53.81,1,1,2.01,53.81,2.01,53.81,1,1,2.01,53.81,2.88,157.88,14,18,-1.87,61.02,16.913956,273.14,54.74,Financial Services,1.274,20.15,0.84
2026-05-07,MAA,True,False,130.36,0.76,0.05,-44.33,1.026,0.777,0.85,65.25,2,1,0.11,-4.19,0.85,65.25,2,1,0.11,-4.19,3.98,65.25,7,1,0.11,59.77,3.98,65.25,7,1,0.11,59.77,3.98,71.21,7,15,-0.88,59.77,39.503033,15.56,3.3,Real Estate,0.757,58.35,0.68
2026-05-07,UDR,True,False,36.93,2.14,-0.3,-44.4,1.042,0.607,1.6,18.5,2,2,1.6,18.5,1.6,77.66,2,5,0.5,18.5,4.83,77.66,7,5,0.5,46.25,4.83,77.66,7,5,0.5,46.25,4.83,77.66,7,5,0.5,46.25,25.122448,13.68,1.47,Real Estate,0.717,58.35,0.43
2026-05-07,JBL,True,False,349.6,1.43,-6.11,-44.45,1.063,1.204,10.4,140.08,1,2,-1.04,39.68,10.4,161.71,1,5,1.09,39.68,10.4,161.71,1,5,1.09,39.68,10.4,161.71,1,5,1.09,39.68,10.4,161.71,1,5,1.09,39.68,47.17949,36.88,7.41,Technology,1.286,57.72,0.82
2026-05-07,PPG,True,False,108.93,1.47,-2.33,-44.8,0.993,0.71,4.81,156.05,1,1,4.81,156.05,4.81,156.05,1,1,4.81,156.05,4.81,156.05,1,1,4.81,156.05,4.81,156.05,1,1,4.81,156.05,4.81,156.05,1,1,4.81,156.05,15.606017,24.28,6.98,Basic Materials,1.053,32.37,0.48
2026-05-07,PPL,True,False,36.77,5.23,-0.3,-44.83,0.955,0.62,0.53,81.24,3,1,-1.26,-5.1,0.53,315.39,3,5,-3.16,-5.1,0.65,315.39,7,5,-3.16,-22.51,2.01,315.39,10,5,-3.16,4.38,2.01,315.39,10,5,-3.16,4.38,23.125786,27.66,1.59,Utilities,0.619,27.12,0.85
2026-05-07,RVTY,True,False,98.85,1.65,-0.24,-45.2,1.091,1.295,7.36,45.18,1,1,7.36,45.18,7.36,45.18,1,1,7.36,45.18,7.36,45.18,1,1,7.36,45.18,7.36,145.03,1,10,-7.56,45.18,7.36,145.03,1,10,-7.56,45.18,47.753624,11.05,2.07,Healthcare,1.051,29.02,1.65
2026-05-07,PDD,False,True,101.51,5.36,-0.78,-45.27,1.013,0.823,5.75,112.42,1,1,5.75,112.42,5.75,112.42,1,1,5.75,112.42,5.75,112.42,1,1,5.75,112.42,5.75,115.42,1,12,-5.0,112.42,5.75,115.42,1,12,-5.0,112.42,10.508282,144.49,9.66,Consumer Cyclical,0.033,43.03,0.24
2026-05-07,FE,True,False,45.17,4.9,-0.83,-45.29,0.923,0.805,-0.3,8.87,3,1,-0.72,-5.83,-0.3,199.68,3,5,-2.9,-5.83,0.28,199.68,7,5,-2.9,9.79,2.46,199.68,10,5,-2.9,7.58,2.46,199.68,10,5,-2.9,7.58,24.548912,26.13,1.84,Utilities,0.472,27.12,0.91
2026-05-07,FAST,True,True,44.36,5.99,-0.78,-45.42,0.982,0.809,0.86,71.28,1,1,0.86,71.28,2.79,71.28,5,1,0.86,39.24,2.79,71.28,5,1,0.86,39.24,2.79,71.28,5,1,0.86,39.24,2.79,122.47,5,18,-6.85,39.24,39.256638,50.93,1.13,Industrials,0.744,35.29,1.11
2026-05-07,ARE,True,False,45.58,2.16,-0.55,-45.82,1.016,0.849,6.47,76.93,2,1,4.63,-10.85,6.47,76.93,2,1,4.63,-10.85,6.47,153.35,2,7,-11.3,-10.85,6.47,153.35,2,7,-11.3,-10.85,6.47,153.35,2,7,-11.3,-10.85,,7.94,-6.27,Real Estate,1.137,58.35,
2026-05-07,CAH,True,False,185.28,2.4,-3.24,-45.92,0.907,1.248,0.93,224.74,3,1,-2.8,7.02,1.22,224.74,4,1,-2.8,-53.91,1.62,224.74,7,1,-2.8,-28.36,2.08,224.74,10,1,-2.8,-43.26,2.08,224.74,10,1,-2.8,-43.26,28.243902,43.39,6.56,Healthcare,0.538,29.02,0.97
2026-05-07,AFL,True,False,113.6,1.44,0.18,-45.93,0.997,0.644,1.0,9.99,2,1,-0.93,4.88,1.0,75.7,2,5,-2.19,4.88,1.4,75.7,7,5,-2.19,-0.34,1.4,80.96,7,12,1.13,-0.34,1.4,184.16,7,14,0.71,-0.34,12.982857,57.82,8.75,Financial Services,0.619,20.15,0.64
2026-05-07,DVN,True,False,45.31,21.99,-2.77,-46.43,0.95,1.597,1.38,175.21,3,1,-8.61,16.74,1.38,175.21,3,1,-8.61,16.74,3.23,175.21,6,1,-8.61,22.42,3.33,175.21,11,1,-8.61,15.21,3.33,200.12,11,14,-3.39,15.21,12.621171,28.16,3.59,Energy,0.478,31.63,0.4
2026-05-07,CHD,True,False,93.88,0.91,-1.14,-46.75,0.987,0.461,1.53,-8.44,1,2,0.69,-33.99,1.53,68.79,1,5,0.89,-33.99,1.76,68.79,7,5,0.89,8.55,1.81,68.79,10,5,0.89,-14.88,2.48,99.96,14,17,0.53,-2.77,30.881578,22.24,3.04,Consumer Defensive,0.482,25.39,1.22
2026-05-07,BLK,True,False,1067.74,0.35,-0.54,-47.25,1.02,0.531,2.35,27.53,1,2,-0.32,22.36,2.52,43.96,5,5,2.52,43.96,2.52,45.53,5,8,1.14,43.96,2.52,45.53,5,8,1.14,43.96,3.02,45.53,17,8,1.14,45.22,26.88167,165.75,39.72,Financial Services,1.456,20.15,1.33
2026-05-07,IP,True,False,33.08,5.01,-1.31,-47.33,0.965,0.655,5.21,23.77,1,1,5.21,23.77,5.21,118.24,1,5,-9.41,23.77,5.21,118.24,1,5,-9.41,23.77,5.21,118.24,1,5,-9.41,23.77,5.21,118.24,1,5,-9.41,23.77,,17.52,-5.19,Consumer Cyclical,0.896,43.03,
2026-05-07,DELL,True,False,230.27,4.84,-3.57,-47.35,1.125,0.802,10.39,110.68,1,1,10.39,110.68,10.39,110.68,1,1,10.39,110.68,10.39,110.68,1,1,10.39,110.68,10.39,110.68,1,1,10.39,110.68,10.39,145.5,1,18,6.74,110.68,26.5594,149.72,8.67,Technology,1.062,57.72,0.46
2026-05-07,HSY,True,False,187.06,1.26,0.35,-47.39,0.98,0.629,1.59,41.0,2,1,0.81,-0.72,1.59,41.0,2,1,0.81,-0.72,1.59,50.13,2,8,-2.61,-0.72,1.83,50.13,10,8,-2.61,15.22,1.83,83.89,10,14,0.66,15.22,34.834263,37.94,5.37,Consumer Defensive,0.066,25.39,1.37
2026-05-07,CTAS,True,True,170.04,1.76,0.4,-47.52,0.976,0.909,1.41,104.81,2,1,0.06,-5.28,1.41,104.81,2,1,0.06,-5.28,1.41,104.81,2,1,0.06,-5.28,1.69,104.81,10,1,0.06,64.44,1.69,104.81,10,1,0.06,64.44,35.873417,68.03,4.74,Industrials,0.962,35.29,1.02
2026-05-07,AIZ,True,False,233.8,0.33,-1.19,-47.63,1.02,0.788,3.5,37.78,2,3,-1.03,-16.86,3.5,37.78,2,3,-1.03,-16.86,3.5,37.78,2,3,-1.03,-16.86,3.5,64.62,2,12,1.21,-16.86,3.5,64.62,2,12,1.21,-16.86,11.989744,11.64,19.5,Financial Services,0.556,20.15,0.6
2026-05-07,LEN,True,False,87.74,1.83,-3.09,-47.73,0.972,0.721,5.03,46.82,1,1,5.03,46.82,5.03,46.82,1,1,5.03,46.82,5.03,46.82,1,1,5.03,46.82,5.03,46.82,1,1,5.03,46.82,5.03,96.68,1,14,4.49,46.82,12.62446,21.61,6.95,Consumer Cyclical,1.422,43.03,0.29
2026-05-07,A,True,False,118.65,1.43,0.82,-47.76,1.013,0.719,4.77,54.37,2,2,4.77,54.37,4.77,54.37,2,2,4.77,54.37,4.77,54.37,2,2,4.77,54.37,4.77,54.37,2,2,4.77,54.37,4.77,136.32,2,14,3.06,54.37,26.192053,33.53,4.53,Healthcare,1.219,29.02,0.9
2026-05-07,EME,True,False,924.06,0.29,-2.09,-48.21,1.079,0.788,2.53,40.42,2,1,1.12,27.43,7.0,40.42,5,1,1.12,-8.62,7.0,47.39,5,6,-3.52,-8.62,7.0,47.39,5,6,-3.52,-8.62,7.0,69.94,5,14,1.74,-8.62,31.06084,41.15,29.75,Industrials,1.169,35.29,0.88
2026-05-07,PKG,True,False,223.43,0.37,-1.49,-48.26,1.044,0.403,2.13,5.05,2,3,0.0,-6.64,2.16,10.25,4,5,-1.2,-21.52,4.73,90.26,7,7,4.73,90.26,4.77,100.96,10,10,4.77,100.96,4.77,100.96,10,10,4.77,100.96,27.14824,19.93,8.23,Consumer Cyclical,0.83,43.03,0.63
2026-05-07,OMC,True,False,76.92,2.73,0.01,-48.61,1.0,0.619,1.8,71.7,2,2,1.8,71.7,1.8,71.7,2,2,1.8,71.7,1.8,92.18,2,7,1.14,71.7,1.8,92.18,2,7,1.14,71.7,1.8,92.18,2,7,1.14,71.7,,21.92,-0.37,Communication Services,0.682,44.1,
2026-05-07,ANET,True,False,141.75,18.19,-3.61,-48.94,0.868,1.915,-0.05,127.14,3,1,-13.61,-6.33,2.39,127.14,5,1,-13.61,-2.05,2.39,127.14,5,1,-13.61,-2.05,3.6,127.14,12,1,-13.61,45.89,4.33,127.14,15,1,-13.61,23.48,48.711338,178.49,2.91,Technology,1.673,57.72,0.84
2026-05-07,EW,True,False,82.76,2.57,-0.53,-49.42,1.019,0.456,0.35,54.6,1,1,0.35,54.6,2.81,54.6,5,1,0.35,32.47,2.81,54.6,5,1,0.35,32.47,5.56,89.54,9,9,5.56,89.54,5.56,89.54,9,9,5.56,89.54,44.735134,47.65,1.85,Healthcare,0.872,29.02,1.54
2026-05-07,TRI,False,True,93.37,2.08,1.77,-49.64,1.019,1.033,1.77,136.53,0,2,-0.3,-49.64,2.57,136.53,5,2,-0.3,79.41,3.78,136.53,6,2,-0.3,-12.6,3.78,136.53,6,2,-0.3,-12.6,5.06,136.53,16,2,-0.3,-13.81,26.83046,40.76,3.48,Industrials,0.201,35.29,0.76
2026-05-07,LH,True,False,258.05,0.54,0.43,-49.78,0.979,0.729,1.63,47.33,2,3,-1.11,-7.12,1.63,47.33,2,3,-1.11,-7.12,1.63,57.66,2,6,-0.94,-7.12,1.63,57.66,2,6,-0.94,-7.12,1.78,57.66,17,6,-0.94,3.08,22.83628,21.16,11.3,Healthcare,0.883,29.02,0.79
2026-05-07,AMD,True,True,408.46,43.93,-3.07,-49.92,1.309,0.982,18.61,52.94,1,2,4.02,36.58,18.61,52.94,1,2,4.02,36.58,18.61,52.94,1,2,4.02,36.58,18.61,78.91,1,9,13.91,36.58,18.61,162.6,1,15,7.8,36.58,137.06711,666.04,2.98,Technology,2.399,57.72,2.37
2026-05-07,BALL,True,False,58.41,2.78,-1.0,-49.97,0.945,0.987,3.31,123.07,1,3,-0.65,8.7,3.31,123.07,1,3,-0.65,8.7,3.31,123.07,1,3,-0.65,8.7,3.31,123.07,1,3,-0.65,8.7,3.31,123.07,1,3,-0.65,8.7,17.029154,15.55,3.43,Consumer Cyclical,1.065,43.03,0.4
2026-05-07,FTV,True,False,60.9,2.09,0.83,-50.46,1.008,0.636,1.78,74.98,3,1,-0.48,-2.81,1.78,74.98,3,1,-0.48,-2.81,1.78,74.98,3,1,-0.48,-2.81,1.78,74.98,3,1,-0.48,-2.81,2.5,74.98,18,1,-0.48,-6.28,35.614037,18.57,1.71,Technology,1.005,57.72,0.62
2026-05-07,SOLV,True,False,71.65,1.32,0.93,-50.96,1.045,1.034,2.82,38.2,1,1,2.82,38.2,2.82,74.65,1,5,1.31,38.2,2.82,74.65,1,5,1.31,38.2,2.82,74.65,1,5,1.31,38.2,2.82,74.65,1,5,1.31,38.2,8.76989,12.41,8.17,Healthcare,0.655,29.02,0.3
2026-05-07,YUM,True,False,157.25,1.18,0.79,-51.38,0.988,0.713,1.38,92.76,1,1,1.38,92.76,1.38,92.76,1,1,1.38,92.76,2.16,138.03,6,8,-3.19,5.44,2.16,138.03,6,8,-3.19,5.44,2.16,138.03,6,8,-3.19,5.44,25.403877,43.34,6.19,Consumer Cyclical,0.604,43.03,0.59
2026-05-07,LLY,True,False,974.96,1.9,-1.22,-51.44,1.053,0.589,2.16,32.67,2,1,-0.18,-20.05,9.8,110.95,5,5,9.8,110.95,9.8,110.95,5,5,9.8,110.95,9.8,110.95,5,5,9.8,110.95,9.8,110.95,5,5,9.8,110.95,34.659084,869.41,28.13,Healthcare,0.481,29.02,1.19
2026-05-07,UNP,True,False,264.89,1.46,-1.25,-51.64,1.021,0.477,1.6,70.81,1,1,1.6,70.81,1.78,70.81,5,1,1.6,2.25,1.78,70.81,5,1,1.6,2.25,8.77,120.49,10,10,8.77,120.49,8.77,120.49,10,10,8.77,120.49,21.783718,157.27,12.16,Industrials,0.994,35.29,0.62
2026-05-07,J,True,False,122.76,1.84,-3.05,-51.99,0.963,1.642,4.44,188.68,2,2,4.44,188.68,4.44,188.68,2,2,4.44,188.68,4.44,188.68,2,2,4.44,188.68,4.44,188.68,2,2,4.44,188.68,4.44,188.68,2,2,4.44,188.68,36.212387,14.5,3.39,Industrials,0.708,35.29,1.03
2026-05-07,SMCI,True,False,33.62,60.92,-3.0,-52.14,1.201,1.637,24.54,130.23,1,1,24.54,130.23,24.54,130.23,1,1,24.54,130.23,24.54,130.23,1,1,24.54,130.23,24.54,130.23,1,1,24.54,130.23,24.54,130.23,1,1,24.54,130.23,17.694736,20.19,1.9,Technology,1.684,57.72,0.31
2026-05-07,AIG,True,False,76.43,2.09,-1.62,-52.42,0.995,0.439,1.17,17.4,2,1,-0.99,-28.97,5.31,97.05,4,5,1.37,-12.33,5.31,178.28,4,8,-1.34,-12.33,5.31,178.28,4,8,-1.34,-12.33,5.31,178.28,4,8,-1.34,-12.33,13.455986,40.52,5.68,Financial Services,0.541,20.15,0.67
2026-05-07,SWK,True,False,80.2,1.13,-1.02,-53.05,1.065,0.454,4.61,62.85,1,1,4.61,62.85,4.61,62.85,1,1,4.61,62.85,4.61,62.85,1,1,4.61,62.85,5.3,62.85,13,1,4.61,3.61,5.3,132.63,13,16,-6.94,3.61,32.86885,12.47,2.44,Industrials,1.201,35.29,0.93
2026-05-07,PSA,True,False,309.33,0.45,0.11,-53.15,1.022,0.436,3.4,29.11,1,1,3.4,29.11,3.4,29.11,1,1,3.4,29.11,3.4,52.8,1,8,-0.91,29.11,3.4,52.8,1,8,-0.91,29.11,3.4,52.8,1,8,-0.91,29.11,31.955576,54.3,9.68,Real Estate,0.981,58.35,0.55
2026-05-07,WSM,True,False,183.42,0.64,-1.64,-53.37,0.968,0.622,3.44,52.19,1,3,-2.39,12.94,3.44,52.19,1,3,-2.39,12.94,3.44,52.19,1,3,-2.39,12.94,3.44,52.19,1,3,-2.39,12.94,4.17,67.96,14,14,4.17,67.96,20.748869,21.6,8.84,Consumer Cyclical,1.49,43.03,0.48
2026-05-07,HRL,True,False,20.75,2.69,0.24,-53.76,0.985,0.549,1.31,36.9,2,1,-1.1,-11.3,2.92,76.09,5,5,2.92,76.09,2.92,76.09,5,5,2.92,76.09,2.92,76.09,5,5,2.92,76.09,2.92,76.09,5,5,2.92,76.09,23.314608,11.42,0.89,Consumer Defensive,0.313,25.39,0.92
2026-05-07,IFF,True,False,78.26,2.25,-5.63,-53.88,1.079,1.372,17.18,140.93,1,1,17.18,140.93,17.18,140.93,1,1,17.18,140.93,17.18,140.93,1,1,17.18,140.93,17.18,140.93,1,1,17.18,140.93,17.18,140.93,1,1,17.18,140.93,24.229103,19.98,3.23,Basic Materials,0.943,32.37,0.75
2026-05-07,CPT,True,False,104.07,0.69,-0.71,-53.99,1.01,0.615,0.34,66.79,2,1,0.08,7.81,0.34,66.79,2,1,0.08,7.81,4.26,66.79,7,1,0.08,38.71,4.26,66.79,7,1,0.08,38.71,4.26,66.79,7,1,0.08,38.71,29.069834,10.31,3.58,Real Estate,0.822,58.35,0.5
2026-05-07,GE,True,False,302.63,4.2,-1.05,-54.2,1.023,0.606,6.68,62.13,1,3,-2.09,43.23,6.68,62.13,1,3,-2.09,43.23,6.68,62.13,1,3,-2.09,43.23,6.68,142.54,1,12,-5.56,43.23,6.68,142.54,1,12,-5.56,43.23,37.64055,316.2,8.04,Industrials,1.352,35.29,1.07
2026-05-07,AVB,True,False,185.79,0.43,-0.35,-54.29,1.052,0.48,1.54,25.34,2,1,0.64,14.73,1.54,25.34,2,1,0.64,14.73,5.29,110.17,7,8,1.1,28.51,5.29,110.17,7,8,1.1,28.51,5.29,110.17,7,8,1.1,28.51,23.022305,25.85,8.07,Real Estate,0.798,58.35,0.39
2026-05-07,ABBV,True,False,202.71,3.31,-1.13,-54.59,0.989,0.498,0.76,62.34,3,1,-0.52,-27.81,3.64,62.34,5,1,-0.52,-0.84,3.64,64.84,5,6,3.14,-0.84,3.64,64.84,5,6,3.14,-0.84,3.64,77.06,5,14,-0.29,-0.84,98.882935,358.55,2.05,Healthcare,0.305,29.02,3.41
2026-05-07,AME,True,False,234.73,0.83,-2.75,-54.83,1.006,0.679,2.92,36.42,1,1,2.92,36.42,3.35,86.09,5,5,3.35,86.09,3.35,98.06,5,7,-1.73,86.09,3.35,98.06,5,7,-1.73,86.09,3.35,98.06,5,7,-1.73,86.09,35.457703,53.8,6.62,Industrials,1.033,35.29,1.0
2026-05-07,SHW,True,False,320.21,1.13,-1.06,-56.86,0.972,0.672,3.57,77.49,1,1,3.57,77.49,3.57,77.49,1,1,3.57,77.49,3.57,77.49,1,1,3.57,77.49,3.57,77.49,1,1,3.57,77.49,3.66,92.17,14,14,3.66,92.17,30.730326,78.98,10.42,Basic Materials,1.155,32.37,0.95
2026-05-07,LHX,True,False,301.18,0.98,-0.34,-56.95,0.908,0.642,-0.15,44.19,1,2,-1.93,9.75,-0.15,67.16,1,5,-0.26,9.75,1.38,67.16,7,5,-0.26,24.28,1.38,88.6,7,12,-2.37,24.28,1.38,88.6,7,12,-2.37,24.28,32.665943,56.11,9.22,Industrials,0.746,35.29,0.93
2026-05-07,DOC,True,False,19.66,12.22,0.82,-57.16,1.168,1.382,18.11,267.58,1,1,18.11,267.58,18.11,267.58,1,1,18.11,267.58,18.11,267.58,1,1,18.11,267.58,18.11,267.58,1,1,18.11,267.58,18.11,267.58,1,1,18.11,267.58,61.4375,13.55,0.32,Real Estate,0.979,58.35,1.05
2026-05-07,TECH,True,False,50.91,5.11,7.38,-57.22,0.915,1.937,7.38,299.74,0,1,-16.35,-57.22,7.38,299.74,0,1,-16.35,-57.22,7.38,299.74,0,1,-16.35,-57.22,7.38,299.74,0,1,-16.35,-57.22,7.38,299.74,0,1,-16.35,-57.22,72.72857,7.97,0.7,Healthcare,,29.02,2.51
2026-05-07,CCL,True,False,27.0,21.29,-1.89,-58.09,0.99,0.778,6.79,152.44,1,2,0.39,-36.81,6.79,152.44,1,2,0.39,-36.81,6.79,152.44,1,2,0.39,-36.81,6.79,152.44,1,2,0.39,-36.81,6.99,152.44,14,2,0.39,16.99,11.894273,37.4,2.27,Consumer Cyclical,2.331,43.03,0.28
2026-05-07,FDX,True,False,375.93,0.95,-0.33,-58.13,0.984,0.575,3.98,369.21,1,3,-9.11,23.54,3.98,369.21,1,3,-9.11,23.54,3.98,369.21,1,3,-9.11,23.54,3.98,369.21,1,3,-9.11,23.54,4.37,369.21,15,3,-9.11,-0.4,20.081732,89.7,18.72,Industrials,1.303,35.29,0.57
2026-05-07,DUK,True,False,124.87,2.47,-0.53,-58.45,0.975,0.81,0.1,48.9,2,1,-1.6,18.66,2.4,63.63,5,5,2.4,63.63,2.4,63.63,5,5,2.4,63.63,2.4,63.63,5,5,2.4,63.63,2.4,63.63,5,5,2.4,63.63,19.18126,97.35,6.51,Utilities,0.402,27.12,0.71
2026-05-07,AEE,True,False,108.77,1.04,-0.75,-60.14,0.974,0.647,-0.67,85.21,2,1,-1.84,-21.59,2.12,85.21,5,1,-1.84,37.51,2.12,85.21,5,1,-1.84,37.51,2.57,85.21,10,1,-1.84,-35.37,2.57,85.21,10,1,-1.84,-35.37,19.56295,30.09,5.56,Utilities,0.511,27.12,0.72
2026-05-07,COR,True,False,255.66,3.01,1.16,-61.73,0.829,1.686,1.16,384.35,0,1,-17.38,-61.73,1.16,384.35,0,1,-17.38,-61.73,1.16,384.35,0,1,-17.38,-61.73,1.16,384.35,0,1,-17.38,-61.73,1.61,384.35,14,1,-17.38,35.44,19.60583,49.74,13.04,Healthcare,0.645,29.02,0.68
2026-05-07,NI,True,False,47.02,4.52,-1.03,-62.95,0.988,0.808,0.23,131.04,2,1,-1.41,-6.65,0.84,131.04,5,1,-1.41,72.45,0.84,131.04,5,1,-1.41,72.45,3.07,131.04,10,1,-1.41,-9.84,3.07,136.73,10,14,1.24,-9.84,23.393036,22.54,2.01,Utilities,,27.12,0.86
2026-05-07,CI,True,False,284.04,0.92,0.73,-64.4,1.018,0.582,2.29,40.15,1,1,2.29,40.15,2.29,40.15,1,1,2.29,40.15,2.6,40.15,6,1,2.29,17.8,2.6,55.32,6,12,-1.15,17.8,2.88,100.84,15,16,-1.46,-32.66,11.8498125,75.14,23.97,Healthcare,0.313,29.02,0.41
2026-05-07,NSC,True,False,313.39,0.34,-1.22,-66.88,1.017,0.308,1.17,72.44,1,1,1.17,72.44,1.19,99.56,5,5,1.19,99.56,1.19,99.56,5,5,1.19,99.56,7.75,99.56,10,5,1.19,57.73,7.75,99.56,10,5,1.19,57.73,26.379631,70.39,11.88,Industrials,1.295,35.29,0.75
2026-05-07,ETR,True,False,112.02,5.44,-0.83,-67.35,0.981,1.516,0.82,701.95,2,1,-3.75,20.47,2.83,701.95,5,1,-3.75,-25.27,2.83,701.95,5,1,-3.75,-25.27,3.12,701.95,10,1,-3.75,-27.03,3.12,701.95,10,1,-3.75,-27.03,28.576529,53.45,3.92,Utilities,0.529,27.12,1.05
2026-05-07,CVNA,True,False,400.02,1.98,413.66,-84.73,4.338,0.145,413.66,20.58,0,1,2.71,-84.73,413.66,76.3,0,5,-0.2,-84.73,413.66,106.22,0,6,-2.42,-84.73,413.66,106.22,0,6,-2.42,-84.73,413.66,117.9,0,17,4.16,-84.73,231.22542,317.62,1.73,Consumer Cyclical,3.55,43.03,5.37
2026-05-07,VEEV,True,False,168.25,3.98,0.54,-88.73,1.031,0.898,0.57,702.64,2,1,-2.24,0.19,10.02,702.64,4,1,-2.24,302.87,10.02,702.64,4,1,-2.24,302.87,10.02,702.64,4,1,-2.24,302.87,10.02,702.64,4,1,-2.24,302.87,30.985268,27.46,5.43,Healthcare,0.924,29.02,1.07
